Transcript	Gene	Type1	Type2	GeneSymbol	Sample	Cellline
ENSCSAT00000017133.1	ENSCSAG00000001400.1	cdna	protein_coding	MIGA1	VeroInf24h	Vero_cell
ENSCSAT00000010791.1	ENSCSAG00000012697.1	cdna	protein_coding	VIM	VeroInf24h	Vero_cell
ENSCSAT00000017062.1	ENSCSAG00000001471.1	cdna	protein_coding		VeroInf24h	Vero_cell
ENSCSAT00000015370.1	ENSCSAG00000017278.1	cdna	protein_coding	TMEM131	CRR197323	Vero_cell
ENSCSAT00000000025.1	ENSCSAG00000000025.1	cdna	protein_coding	ND3	VeroInf24h	Vero_cell
ENSCSAT00000015817.1	ENSCSAG00000017719.1	cdna	protein_coding	USP42	CRR127517	Vero_cell
ENSCSAT00000016468.1	ENSCSAG00000018368.1	cdna	protein_coding	IL13RA1	VeroInf24h	Vero_cell
ENSCSAT00000000330.1	ENSCSAG00000002314.1	cdna	protein_coding	VSIG10	CRR127517	Vero_cell
ENSCSAT00000001690.1	ENSCSAG00000003661.1	cdna	protein_coding	PICALM	CRR197323	Vero_cell
ENSCSAT00000000145.1	ENSCSAG00000002128.1	cdna	protein_coding	CCT3	CRR197323	Vero_cell
ENSCSAT00000010201.1	ENSCSAG00000012113.1	cdna	protein_coding		CRR197323	Vero_cell
ENSCSAT00000000022.1	ENSCSAG00000000022.1	cdna	protein_coding	ATP6	VeroInf24h	Vero_cell
ENSCSAT00000018821.1	ENSCSAG00000018731.1	cdna	protein_coding		CRR127516	Vero_cell
ENSCSAT00000002482.1	ENSCSAG00000004449.1	cdna	protein_coding		CRR197323	Vero_cell
ENSCSAT00000018291.1	ENSCSAG00000000244.1	cdna	protein_coding		CRR127517	Vero_cell
ENSCSAT00000009623.1	ENSCSAG00000011534.1	cdna	protein_coding	RPS14	CRR127516	Vero_cell
ENSCSAT00000014331.1	ENSCSAG00000016232.1	cdna	protein_coding	SLC25A37	CRR127517	Vero_cell
ENSCSAT00000008635.1	ENSCSAG00000010551.1	cdna	protein_coding	RPLP2	VeroInf24h	Vero_cell
ENSCSAT00000000463.1	ENSCSAG00000002446.1	cdna	protein_coding		VeroInf24h	Vero_cell
ENSCSAT00000007980.1	ENSCSAG00000009899.1	cdna	protein_coding		CRR197323	Vero_cell
ENSCSAT00000003162.1	ENSCSAG00000005130.1	cdna	protein_coding	POLR2B	VeroInf24h	Vero_cell
ENSCSAT00000000022.1	ENSCSAG00000000022.1	cdna	protein_coding	ATP6	CRR127516	Vero_cell
ENSCSAT00000016890.1	ENSCSAG00000001642.1	cdna	protein_coding	DCLRE1B	CRR127516	Vero_cell
ENSCSAT00000003320.1	ENSCSAG00000005298.1	cdna	protein_coding	HIPK3	CRR197323	Vero_cell
ENSCSAT00000002849.1	ENSCSAG00000004817.1	cdna	protein_coding	ANKRD17	CRR197323	Vero_cell
ENSCSAT00000013283.1	ENSCSAG00000015191.1	cdna	protein_coding	METTL5	VeroInf24h	Vero_cell
ENSCSAT00000000551.1	ENSCSAG00000002534.1	cdna	protein_coding	RPS11	VeroInf24h	Vero_cell
ENSCSAT00000004906.1	ENSCSAG00000006861.1	cdna	protein_coding		VeroInf24h	Vero_cell
ENSCSAT00000001408.1	ENSCSAG00000003383.1	cdna	protein_coding	RPL27	CRR127516	Vero_cell
ENSCSAT00000002482.1	ENSCSAG00000004449.1	cdna	protein_coding		VeroInf24h	Vero_cell
ENSCSAT00000001288.1	ENSCSAG00000003262.1	cdna	protein_coding	MAP9	CRR127516	Vero_cell
ENSCSAT00000013618.1	ENSCSAG00000015526.1	cdna	protein_coding	NFKBIA	CRR197323	Vero_cell
ENSCSAT00000012233.1	ENSCSAG00000014143.1	cdna	protein_coding	RPS27A	VeroInf24h	Vero_cell
ENSCSAT00000012098.1	ENSCSAG00000014000.1	cdna	protein_coding	HINT1	VeroInf24h	Vero_cell
ENSCSAT00000013880.1	ENSCSAG00000015787.1	cdna	protein_coding	BPNT1	CRR197323	Vero_cell
ENSCSAT00000018587.1	ENSCSAG00000018497.1	cdna	protein_coding	PABIR1	VeroInf24h	Vero_cell
ENSCSAT00000011706.1	ENSCSAG00000013638.1	cdna	protein_coding	RPLP1	CRR197322	Vero_cell
ENSCSAT00000012689.1	ENSCSAG00000014597.1	cdna	protein_coding	RPS20	VeroInf24h	Vero_cell
ENSCSAT00000009376.1	ENSCSAG00000011289.1	cdna	protein_coding	TOMM6	CRR197323	Vero_cell
ENSCSAT00000019144.1	ENSCSAG00000019054.1	cdna	protein_coding		CRR127517	Vero_cell
ENSCSAT00000015029.1	ENSCSAG00000016932.1	cdna	protein_coding		CRR127516	Vero_cell
ENSCSAT00000013367.1	ENSCSAG00000015276.1	cdna	protein_coding	RPS29	CRR197323	Vero_cell
ENSCSAT00000000676.1	ENSCSAG00000002658.1	cdna	protein_coding		VeroInf24h	Vero_cell
ENSCSAT00000007760.1	ENSCSAG00000009697.1	cdna	protein_coding	NPM1	VeroInf24h	Vero_cell
ENSCSAT00000013367.1	ENSCSAG00000015276.1	cdna	protein_coding	RPS29	VeroInf24h	Vero_cell
ENSCSAT00000015767.1	ENSCSAG00000017672.1	cdna	protein_coding		VeroInf24h	Vero_cell
ENSCSAT00000008088.1	ENSCSAG00000009996.1	cdna	protein_coding	UBE2R2	VeroInf24h	Vero_cell
ENSCSAT00000008786.1	ENSCSAG00000010699.1	cdna	protein_coding	SRPRB	CRR127516	Vero_cell
ENSCSAT00000007905.1	ENSCSAG00000009823.1	cdna	protein_coding	SON	VeroInf24h	Vero_cell
ENSCSAT00000012016.1	ENSCSAG00000013982.1	cdna	protein_coding	PPP2R5E	CRR127516	Vero_cell
ENSCSAT00000014355.1	ENSCSAG00000016261.1	cdna	protein_coding	STX18	VeroInf24h	Vero_cell
ENSCSAT00000017062.1	ENSCSAG00000001471.1	cdna	protein_coding		CRR197323	Vero_cell
ENSCSAT00000012761.1	ENSCSAG00000014664.1	cdna	protein_coding	MAPK1IP1L	CRR127517	Vero_cell
ENSCSAT00000006944.1	ENSCSAG00000008878.1	cdna	protein_coding	PUF60	VeroInf24h	Vero_cell
ENSCSAT00000000890.1	ENSCSAG00000002863.1	cdna	protein_coding	KDELR1	CRR127517	Vero_cell
ENSCSAT00000011687.1	ENSCSAG00000013590.1	cdna	protein_coding	RPL7	CRR197323	Vero_cell
ENSCSAT00000006206.1	ENSCSAG00000008155.1	cdna	protein_coding	ELAVL1	CRR197323	Vero_cell
ENSCSAT00000007391.1	ENSCSAG00000009476.1	cdna	protein_coding	C3	VeroInf24h	Vero_cell
ENSCSAT00000015696.1	ENSCSAG00000017601.1	cdna	protein_coding		CRR197323	Vero_cell
ENSCSAT00000003557.1	ENSCSAG00000005526.1	cdna	protein_coding	TTC17	VeroInf24h	Vero_cell
ENSCSAT00000015868.1	ENSCSAG00000017773.1	cdna	protein_coding	TPT1	CRR127516	Vero_cell
ENSCSAT00000018108.1	ENSCSAG00000000427.1	cdna	protein_coding		CRR197323	Vero_cell
ENSCSAT00000000004.1	ENSCSAG00000000004.1	ncrna	Mt_rRNA	NA	CRR127517	Vero_cell
ENSCSAT00000000710.1	ENSCSAG00000002692.1	cdna	protein_coding	SIDT2	CRR197323	Vero_cell
ENSCSAT00000002299.1	ENSCSAG00000004268.1	cdna	protein_coding	AP1G1	CRR197323	Vero_cell
ENSCSAT00000002495.1	ENSCSAG00000004461.1	cdna	protein_coding	HNRNPDL	VeroInf24h	Vero_cell
ENSCSAT00000011767.1	ENSCSAG00000013670.1	cdna	protein_coding	JAG1	CRR197323	Vero_cell
ENSCSAT00000018555.1	ENSCSAG00000018465.1	cdna	protein_coding		VeroInf24h	Vero_cell
ENSCSAT00000009602.1	ENSCSAG00000011516.1	cdna	protein_coding	GADD45B	CRR127517	Vero_cell
ENSCSAT00000015352.1	ENSCSAG00000017260.1	cdna	protein_coding	RETREG1	VeroInf24h	Vero_cell
ENSCSAT00000012810.1	ENSCSAG00000014715.1	cdna	protein_coding	RB1CC1	CRR197323	Vero_cell
ENSCSAT00000009905.1	ENSCSAG00000011831.1	cdna	protein_coding	RSBN1L	CRR127516	Vero_cell
ENSCSAT00000015868.1	ENSCSAG00000017773.1	cdna	protein_coding	TPT1	CRR197323	Vero_cell
ENSCSAT00000019107.1	ENSCSAG00000019017.1	cdna	protein_coding		CRR197323	Vero_cell
ENSCSAT00000006273.1	ENSCSAG00000008220.1	cdna	protein_coding	HMGXB4	VeroInf24h	Vero_cell
ENSCSAT00000018249.1	ENSCSAG00000000286.1	cdna	protein_coding		CRR197323	Vero_cell
ENSCSAT00000005713.1	ENSCSAG00000007662.1	cdna	protein_coding	ZNF121	CRR197322	Vero_cell
ENSCSAT00000005564.1	ENSCSAG00000007517.1	cdna	protein_coding	HERC4	CRR127516	Vero_cell
ENSCSAT00000011704.1	ENSCSAG00000013607.1	cdna	pseudogene		CRR127516	Vero_cell
ENSCSAT00000008420.1	ENSCSAG00000010335.1	cdna	protein_coding	EMC3	VeroInf24h	Vero_cell
ENSCSAT00000011974.1	ENSCSAG00000013879.1	cdna	protein_coding	SPTBN1	CRR197323	Vero_cell
ENSCSAT00000003320.1	ENSCSAG00000005298.1	cdna	protein_coding	HIPK3	CRR197323	Vero_cell
ENSCSAT00000010326.1	ENSCSAG00000012236.1	cdna	protein_coding	FAM174C	CRR127516	Vero_cell
ENSCSAT00000016933.1	ENSCSAG00000001598.1	cdna	protein_coding	RPS5	VeroInf24h	Vero_cell
ENSCSAT00000008902.1	ENSCSAG00000010810.1	cdna	protein_coding	AMOTL2	CRR197323	Vero_cell
ENSCSAT00000018986.1	ENSCSAG00000018896.1	cdna	protein_coding		CRR197323	Vero_cell
ENSCSAT00000000025.1	ENSCSAG00000000025.1	cdna	protein_coding	ND3	VeroInf24h	Vero_cell
ENSCSAT00000009556.1	ENSCSAG00000011468.1	cdna	protein_coding	EIF4A1	VeroInf24h	Vero_cell
ENSCSAT00000013671.1	ENSCSAG00000015577.1	cdna	protein_coding	GNAS	CRR127517	Vero_cell
ENSCSAT00000003285.1	ENSCSAG00000005253.1	cdna	protein_coding	PAX6	VeroInf24h	Vero_cell
ENSCSAT00000012689.1	ENSCSAG00000014597.1	cdna	protein_coding	RPS20	CRR197323	Vero_cell
ENSCSAT00000002471.1	ENSCSAG00000004442.1	cdna	protein_coding	MKI67	CRR197323	Vero_cell
ENSCSAT00000000697.1	ENSCSAG00000002677.1	cdna	protein_coding		CRR197323	Vero_cell
ENSCSAT00000014227.1	ENSCSAG00000016131.1	cdna	protein_coding	CCT6A	CRR127516	Vero_cell
ENSCSAT00000017158.1	ENSCSAG00000001375.1	cdna	protein_coding	SRSF11	CRR197322	Vero_cell
ENSCSAT00000017472.1	ENSCSAG00000001061.1	cdna	protein_coding	KIAA1522	VeroInf24h	Vero_cell
ENSCSAT00000018166.1	ENSCSAG00000000369.1	cdna	protein_coding		CRR197323	Vero_cell
ENSCSAT00000008884.1	ENSCSAG00000010797.1	cdna	protein_coding	ATRX	CRR127516	Vero_cell
ENSCSAT00000014785.1	ENSCSAG00000016694.1	cdna	protein_coding	CLASP1	CRR197323	Vero_cell
ENSCSAT00000006002.1	ENSCSAG00000007955.1	cdna	protein_coding		CRR197323	Vero_cell
ENSCSAT00000005041.1	ENSCSAG00000007017.1	cdna	protein_coding	METTL9	CRR197323	Vero_cell
ENSCSAT00000016224.1	ENSCSAG00000018127.1	cdna	protein_coding		CRR197323	Vero_cell
ENSCSAT00000007932.1	ENSCSAG00000009849.1	cdna	protein_coding	ATP5MJ	VeroInf24h	Vero_cell
ENSCSAT00000001372.1	ENSCSAG00000003344.1	cdna	protein_coding	RPS3A	CRR127517	Vero_cell
ENSCSAT00000001510.1	ENSCSAG00000003481.1	cdna	protein_coding	UHRF1BP1L	CRR127516	Vero_cell
ENSCSAT00000016543.1	ENSCSAG00000001986.1	cdna	protein_coding		VeroInf24h	Vero_cell
ENSCSAT00000010201.1	ENSCSAG00000012113.1	cdna	protein_coding		CRR197323	Vero_cell
ENSCSAT00000008635.1	ENSCSAG00000010551.1	cdna	protein_coding	RPLP2	CRR197323	Vero_cell
ENSCSAT00000005891.1	ENSCSAG00000007843.1	cdna	protein_coding	STK26	VeroInf24h	Vero_cell
ENSCSAT00000004049.1	ENSCSAG00000006012.1	cdna	protein_coding	DCBLD2	VeroInf24h	Vero_cell
ENSCSAT00000013367.1	ENSCSAG00000015276.1	cdna	protein_coding	RPS29	CRR197323	Vero_cell
ENSCSAT00000006002.1	ENSCSAG00000007955.1	cdna	protein_coding		ERR4808851	Vero_cell
ENSCSAT00000006206.1	ENSCSAG00000008155.1	cdna	protein_coding	ELAVL1	ERR4808851	Vero_cell
ENSCSAT00000002740.1	ENSCSAG00000004710.1	cdna	protein_coding		ERR4808851	Vero_cell
ENSCSAT00000017674.1	ENSCSAG00000000859.1	cdna	protein_coding	ATP13A2	ERR4808851	Vero_cell
ENSCSAT00000009556.1	ENSCSAG00000011468.1	cdna	protein_coding	EIF4A1	ERR4808851	Vero_cell
ENSCSAT00000013732.1	ENSCSAG00000015636.1	cdna	protein_coding	DDX56	ERR4808851	Vero_cell
ENSCSAT00000011404.1	ENSCSAG00000013309.1	cdna	protein_coding	SLC3A1	ERR4808851	Vero_cell
ENSCSAT00000008533.1	ENSCSAG00000010445.1	cdna	protein_coding	RPL26	ERR4808851	Vero_cell
ENSCSAT00000000235.1	ENSCSAG00000002216.1	cdna	protein_coding	ALYREF	ERR4808851	Vero_cell
ENSCSAT00000013928.1	ENSCSAG00000015834.1	cdna	protein_coding	GSR	ERR4808851	Vero_cell
ENSCSAT00000007301.1	ENSCSAG00000009233.1	cdna	protein_coding	EIF4A2	ERR4808851	Vero_cell
ENSCSAT00000018166.1	ENSCSAG00000000369.1	cdna	protein_coding		ERR4808851	Vero_cell
ENSCSAT00000018862.1	ENSCSAG00000018772.1	cdna	protein_coding		ERR4808851	Vero_cell
ENSCSAT00000011706.1	ENSCSAG00000013638.1	cdna	protein_coding	RPLP1	ERR4808851	Vero_cell
ENSCSAT00000012057.1	ENSCSAG00000013968.1	cdna	protein_coding	USP9X	ERR4808851	Vero_cell
ENSCSAT00000008840.1	ENSCSAG00000010754.1	cdna	protein_coding	MGST3	ERR4808851	Vero_cell
ENSCSAT00000009874.1	ENSCSAG00000011784.1	cdna	protein_coding	ACBD5	ERR4808851	Vero_cell
ENSCSAT00000002495.1	ENSCSAG00000004461.1	cdna	protein_coding	HNRNPDL	ERR4808851	Vero_cell
ENSCSAT00000008958.1	ENSCSAG00000010866.1	cdna	protein_coding	MSL2	ERR4808851	Vero_cell
ENSCSAT00000000429.1	ENSCSAG00000002411.1	cdna	protein_coding		ERR4808851	Vero_cell
ENSCSAT00000001408.1	ENSCSAG00000003383.1	cdna	protein_coding	RPL27	ERR4808851	Vero_cell
ENSCSAT00000008261.1	ENSCSAG00000010175.1	cdna	protein_coding	NDUFB9	ERR4808851	Vero_cell
ENSCSAT00000018249.1	ENSCSAG00000000286.1	cdna	protein_coding		ERR4808851	Vero_cell
ENSCSAT00000008955.1	ENSCSAG00000010865.1	cdna	protein_coding	EEF2	ERR4808851	Vero_cell
ENSCSAT00000001743.1	ENSCSAG00000003714.1	cdna	protein_coding	ANXA5	CRR197323	Vero_cell
ENSCSAT00000003541.1	ENSCSAG00000005508.1	cdna	protein_coding	SPAG9	CRR127516	Vero_cell
ENSCSAT00000001790.1	ENSCSAG00000003759.1	cdna	protein_coding		CRR197323	Vero_cell
ENSCSAT00000009376.1	ENSCSAG00000011289.1	cdna	protein_coding	TOMM6	CRR197323	Vero_cell
ENSCSAT00000001372.1	ENSCSAG00000003344.1	cdna	protein_coding	RPS3A	VeroInf24h	Vero_cell
ENSCSAT00000000813.1	ENSCSAG00000002795.1	cdna	protein_coding	PPP1R15A	VeroInf24h	Vero_cell
ENSCSAT00000004392.1	ENSCSAG00000006366.1	cdna	protein_coding	CIP2A	VeroInf24h	Vero_cell
ENSCSAT00000005470.1	ENSCSAG00000007426.1	cdna	protein_coding	ZNF365	VeroInf24h	Vero_cell
ENSCSAT00000005838.1	ENSCSAG00000007792.1	cdna	protein_coding	SPECC1	CRR197323	Vero_cell
ENSCSAT00000008955.1	ENSCSAG00000010865.1	cdna	protein_coding	EEF2	CRR197323	Vero_cell
ENSCSAT00000015641.1	ENSCSAG00000017557.1	cdna	protein_coding	NDFIP2	VeroInf24h	Vero_cell
ENSCSAT00000009223.1	ENSCSAG00000011133.1	cdna	protein_coding	SPPL2A	SRR11267570	Vero_cell
ENSCSAT00000008610.1	ENSCSAG00000010531.1	cdna	protein_coding		SRR11267570	Vero_cell
ENSCSAT00000018249.1	ENSCSAG00000000286.1	cdna	protein_coding		SRR11267570	Vero_cell
ENSCSAT00000012233.1	ENSCSAG00000014143.1	cdna	protein_coding	RPS27A	SRR11267570	Vero_cell
ENSCSAT00000017801.1	ENSCSAG00000000734.1	cdna	protein_coding		SRR11267570	Vero_cell
ENSCSAT00000004219.1	ENSCSAG00000006204.1	cdna	protein_coding	IQCA1	SRR11267570	Vero_cell
ENSCSAT00000001118.1	ENSCSAG00000003153.1	cdna	protein_coding	DYNC2H1	SRR11267570	Vero_cell
ENSCSAT00000010446.1	ENSCSAG00000012353.1	cdna	protein_coding		SRR11267570	Vero_cell
ENSCSAT00000008533.1	ENSCSAG00000010445.1	cdna	protein_coding	RPL26	SRR11267570	Vero_cell
ENSCSAT00000009223.1	ENSCSAG00000011133.1	cdna	protein_coding	SPPL2A	SRR11350376	Vero_cell
ENSCSAT00000008610.1	ENSCSAG00000010531.1	cdna	protein_coding		SRR11350376	Vero_cell
ENSCSAT00000018249.1	ENSCSAG00000000286.1	cdna	protein_coding		SRR11350376	Vero_cell
ENSCSAT00000012233.1	ENSCSAG00000014143.1	cdna	protein_coding	RPS27A	SRR11350376	Vero_cell
ENSCSAT00000017801.1	ENSCSAG00000000734.1	cdna	protein_coding		SRR11350376	Vero_cell
ENSCSAT00000004219.1	ENSCSAG00000006204.1	cdna	protein_coding	IQCA1	SRR11350376	Vero_cell
ENSCSAT00000001118.1	ENSCSAG00000003153.1	cdna	protein_coding	DYNC2H1	SRR11350376	Vero_cell
ENSCSAT00000010446.1	ENSCSAG00000012353.1	cdna	protein_coding		SRR11350376	Vero_cell
ENSCSAT00000008533.1	ENSCSAG00000010445.1	cdna	protein_coding	RPL26	SRR11350376	Vero_cell
ENSCSAT00000015702.1	ENSCSAG00000017608.1	cdna	protein_coding	SMCHD1	SRR13089342	Vero_cell
ENSCSAT00000018862.1	ENSCSAG00000018772.1	cdna	protein_coding		SRR13089342	Vero_cell
ENSCSAT00000009221.1	ENSCSAG00000011155.1	cdna	protein_coding		SRR13089342	Vero_cell
ENSCSAT00000012233.1	ENSCSAG00000014143.1	cdna	protein_coding	RPS27A	SRR13089342	Vero_cell
ENSCSAT00000003546.1	ENSCSAG00000005514.1	cdna	protein_coding	NME2	SRR13089342	Vero_cell
ENSCSAT00000001205.1	ENSCSAG00000003176.1	cdna	protein_coding		SRR13089342	Vero_cell
ENSCSAT00000000421.1	ENSCSAG00000002403.1	cdna	protein_coding	ZNF202	SRR13089342	Vero_cell
ENSCSAT00000014792.1	ENSCSAG00000016696.1	cdna	protein_coding		SRR13089342	Vero_cell
ENSCSAT00000009292.1	ENSCSAG00000011216.1	cdna	protein_coding	RPS2	SRR13089342	Vero_cell
ENSCSAT00000008062.1	ENSCSAG00000009972.1	cdna	protein_coding	RPL10A	SRR13089342	Vero_cell
ENSCSAT00000001790.1	ENSCSAG00000003759.1	cdna	protein_coding		SRR13089342	Vero_cell
ENSCSAT00000002495.1	ENSCSAG00000004461.1	cdna	protein_coding	HNRNPDL	SRR13089342	Vero_cell
ENSCSAT00000012208.1	ENSCSAG00000014113.1	cdna	protein_coding	DNAJB11	SRR13089342	Vero_cell
ENSCSAT00000014304.1	ENSCSAG00000016212.1	cdna	protein_coding	DIDO1	SRR13089342	Vero_cell
ENSCSAT00000012768.1	ENSCSAG00000014671.1	cdna	protein_coding	MRPL15	SRR13089342	Vero_cell
ENSCSAT00000018862.1	ENSCSAG00000018772.1	cdna	protein_coding		SRR13089342	Vero_cell
ENSCSAT00000024293.1	ENSCSAG00000024203.1	ncrna	misc_RNA	NA	SRR13089342	Vero_cell
ENSCSAT00000007475.1	ENSCSAG00000009408.1	cdna	protein_coding		SRR13089342	Vero_cell
ENSCSAT00000015771.1	ENSCSAG00000017676.1	cdna	protein_coding	RNF216	SRR13089342	Vero_cell
ENSCSAT00000000958.1	ENSCSAG00000002928.1	cdna	protein_coding	NOP53	SRR13089342	Vero_cell
ENSCSAT00000011726.1	ENSCSAG00000013631.1	cdna	protein_coding	PPP2CA	SRR13089342	Vero_cell
ENSCSAT00000012689.1	ENSCSAG00000014597.1	cdna	protein_coding	RPS20	SRR13089342	Vero_cell
ENSCSAT00000009671.1	ENSCSAG00000011594.1	cdna	protein_coding	BIRC6	SRR13089342	Vero_cell
ENSCSAT00000001948.1	ENSCSAG00000003937.1	cdna	protein_coding	RPS3	SRR13089342	Vero_cell
ENSCSAT00000011818.1	ENSCSAG00000013731.1	cdna	protein_coding		SRR13089342	Vero_cell
ENSCSAT00000008635.1	ENSCSAG00000010551.1	cdna	protein_coding	RPLP2	SRR13089342	Vero_cell
ENSCSAT00000006269.1	ENSCSAG00000008214.1	cdna	protein_coding		SRR13089342	Vero_cell
ENSCSAT00000006002.1	ENSCSAG00000007955.1	cdna	protein_coding		SRR13089342	Vero_cell
ENSCSAT00000018544.1	ENSCSAG00000018454.1	cdna	protein_coding		SRR13089342	Vero_cell
ENSCSAT00000018223.1	ENSCSAG00000000312.1	cdna	protein_coding		SRR13089342	Vero_cell
ENSCSAT00000013196.1	ENSCSAG00000015106.1	cdna	protein_coding	PJA2	SRR13089342	Vero_cell
ENSCSAT00000011768.1	ENSCSAG00000013668.1	cdna	protein_coding	MAPK1	SRR13089342	Vero_cell
ENSCSAT00000009654.1	ENSCSAG00000011568.1	cdna	protein_coding	EIF2A	SRR13089342	Vero_cell
ENSCSAT00000018821.1	ENSCSAG00000018731.1	cdna	protein_coding		SRR13089342	Vero_cell
ENSCSAT00000018544.1	ENSCSAG00000018454.1	cdna	protein_coding		SRR13089342	Vero_cell
ENSCSAT00000018544.1	ENSCSAG00000018454.1	cdna	protein_coding		SRR13089342	Vero_cell
ENSCSAT00000012935.1	ENSCSAG00000014844.1	cdna	protein_coding	TMED7	SRR13089342	Vero_cell
ENSCSAT00000003500.1	ENSCSAG00000005467.1	cdna	protein_coding		SRR13089342	Vero_cell
ENSCSAT00000018862.1	ENSCSAG00000018772.1	cdna	protein_coding		SRR13089342	Vero_cell
ENSCSAT00000007475.1	ENSCSAG00000009408.1	cdna	protein_coding		SRR13089342	Vero_cell
ENSCSAT00000015002.1	ENSCSAG00000016907.1	cdna	protein_coding	RPL14	SRR13089342	Vero_cell
ENSCSAT00000004414.1	ENSCSAG00000006373.1	cdna	protein_coding	PSMD11	SRR13089342	Vero_cell
ENSCSAT00000013501.1	ENSCSAG00000015409.1	cdna	protein_coding	FGFR1	SRR13089342	Vero_cell
ENSCSAT00000002458.1	ENSCSAG00000004428.1	cdna	protein_coding	EIF3F	SRR13089342	Vero_cell
ENSCSAT00000000551.1	ENSCSAG00000002534.1	cdna	protein_coding	RPS11	SRR13089342	Vero_cell
ENSCSAT00000010295.1	ENSCSAG00000012201.1	cdna	protein_coding	GLS	SRR13089342	Vero_cell
ENSCSAT00000000676.1	ENSCSAG00000002658.1	cdna	protein_coding		SRR13089342	Vero_cell
ENSCSAT00000018544.1	ENSCSAG00000018454.1	cdna	protein_coding		SRR13089342	Vero_cell
ENSCSAT00000006002.1	ENSCSAG00000007955.1	cdna	protein_coding		SRR13089342	Vero_cell
ENSCSAT00000011706.1	ENSCSAG00000013638.1	cdna	protein_coding	RPLP1	SRR13089342	Vero_cell
ENSCSAT00000000676.1	ENSCSAG00000002658.1	cdna	protein_coding		SRR13089342	Vero_cell
ENSCSAT00000010295.1	ENSCSAG00000012201.1	cdna	protein_coding	GLS	SRR13089342	Vero_cell
ENSCSAT00000019593.1	ENSCSAG00000019503.1	cdna	protein_coding		SRR13089342	Vero_cell
ENSCSAT00000012134.1	ENSCSAG00000014041.1	cdna	protein_coding	EEF1A1	SRR13089342	Vero_cell
ENSCSAT00000012233.1	ENSCSAG00000014143.1	cdna	protein_coding	RPS27A	SRR13089342	Vero_cell
ENSCSAT00000006002.1	ENSCSAG00000007955.1	cdna	protein_coding		SRR13089342	Vero_cell
ENSCSAT00000005711.1	ENSCSAG00000007657.1	cdna	protein_coding	FAU	SRR13089342	Vero_cell
ENSCSAT00000018037.1	ENSCSAG00000000498.1	cdna	protein_coding		SRR13089342	Vero_cell
ENSCSAT00000000958.1	ENSCSAG00000002928.1	cdna	protein_coding	NOP53	SRR13089342	Vero_cell
ENSCSAT00000006068.1	ENSCSAG00000008017.1	cdna	protein_coding	RACK1	SRR13089342	Vero_cell
ENSCSAT00000014792.1	ENSCSAG00000016696.1	cdna	protein_coding		SRR13089342	Vero_cell
ENSCSAT00000018291.1	ENSCSAG00000000244.1	cdna	protein_coding		SRR13089342	Vero_cell
ENSCSAT00000018862.1	ENSCSAG00000018772.1	cdna	protein_coding		SRR13089342	Vero_cell
ENSCSAT00000017654.1	ENSCSAG00000000879.1	cdna	protein_coding	SLC66A1	SRR13089342	Vero_cell
ENSCSAT00000001537.1	ENSCSAG00000003509.1	cdna	protein_coding	ELMOD2	SRR13089342	Vero_cell
ENSCSAT00000011687.1	ENSCSAG00000013590.1	cdna	protein_coding	RPL7	SRR13089342	Vero_cell
ENSCSAT00000018555.1	ENSCSAG00000018465.1	cdna	protein_coding		SRR13089342	Vero_cell
ENSCSAT00000018249.1	ENSCSAG00000000286.1	cdna	protein_coding		SRR13089342	Vero_cell
ENSCSAT00000018862.1	ENSCSAG00000018772.1	cdna	protein_coding		SRR13089342	Vero_cell
ENSCSAT00000011297.1	ENSCSAG00000013205.1	cdna	protein_coding		SRR13089342	Vero_cell
ENSCSAT00000018223.1	ENSCSAG00000000312.1	cdna	protein_coding		SRR13089342	Vero_cell
ENSCSAT00000003598.1	ENSCSAG00000005574.1	cdna	protein_coding	EIF4B	SRR13089344	Vero_cell
ENSCSAT00000007369.1	ENSCSAG00000009299.1	cdna	protein_coding	RPS24	SRR13089344	Vero_cell
ENSCSAT00000018555.1	ENSCSAG00000018465.1	cdna	protein_coding		SRR13089344	Vero_cell
ENSCSAT00000001530.1	ENSCSAG00000003501.1	cdna	protein_coding	RPS19	SRR13089344	Vero_cell
ENSCSAT00000007475.1	ENSCSAG00000009408.1	cdna	protein_coding		SRR13089344	Vero_cell
ENSCSAT00000000676.1	ENSCSAG00000002658.1	cdna	protein_coding		SRR13089344	Vero_cell
ENSCSAT00000016523.1	ENSCSAG00000002004.1	cdna	protein_coding	MTX1	SRR13089344	Vero_cell
ENSCSAT00000015002.1	ENSCSAG00000016907.1	cdna	protein_coding	RPL14	SRR13089344	Vero_cell
ENSCSAT00000001408.1	ENSCSAG00000003383.1	cdna	protein_coding	RPL27	SRR13089344	Vero_cell
ENSCSAT00000000676.1	ENSCSAG00000002658.1	cdna	protein_coding		SRR13089344	Vero_cell
ENSCSAT00000007369.1	ENSCSAG00000009299.1	cdna	protein_coding	RPS24	SRR13089344	Vero_cell
ENSCSAT00000002482.1	ENSCSAG00000004449.1	cdna	protein_coding		SRR13089344	Vero_cell
ENSCSAT00000016731.1	ENSCSAG00000001797.1	cdna	protein_coding	ZNF687	SRR13089344	Vero_cell
ENSCSAT00000019238.1	ENSCSAG00000019148.1	cdna	protein_coding		SRR13089344	Vero_cell
ENSCSAT00000012233.1	ENSCSAG00000014143.1	cdna	protein_coding	RPS27A	SRR13089344	Vero_cell
ENSCSAT00000018555.1	ENSCSAG00000018465.1	cdna	protein_coding		SRR13089344	Vero_cell
ENSCSAT00000003598.1	ENSCSAG00000005574.1	cdna	protein_coding	EIF4B	SRR13089344	Vero_cell
ENSCSAT00000017604.1	ENSCSAG00000000929.1	cdna	protein_coding	RPL11	SRR13089344	Vero_cell
ENSCSAT00000005683.1	ENSCSAG00000007634.1	cdna	protein_coding	KIF13A	SRR13089344	Vero_cell
ENSCSAT00000012233.1	ENSCSAG00000014143.1	cdna	protein_coding	RPS27A	SRR13089344	Vero_cell
ENSCSAT00000013367.1	ENSCSAG00000015276.1	cdna	protein_coding	RPS29	SRR13089344	Vero_cell
ENSCSAT00000017604.1	ENSCSAG00000000929.1	cdna	protein_coding	RPL11	SRR13089344	Vero_cell
ENSCSAT00000019107.1	ENSCSAG00000019017.1	cdna	protein_coding		SRR13089344	Vero_cell
ENSCSAT00000017315.1	ENSCSAG00000001218.1	cdna	protein_coding	NASP	SRR13089344	Vero_cell
ENSCSAT00000019107.1	ENSCSAG00000019017.1	cdna	protein_coding		SRR13089344	Vero_cell
ENSCSAT00000005127.1	ENSCSAG00000007088.1	cdna	protein_coding	DHRS13	SRR13089344	Vero_cell
ENSCSAT00000016869.1	ENSCSAG00000001661.1	cdna	pseudogene		SRR13089344	Vero_cell
ENSCSAT00000004546.1	ENSCSAG00000006508.1	cdna	protein_coding	INCENP	SRR13089344	Vero_cell
ENSCSAT00000011768.1	ENSCSAG00000013668.1	cdna	protein_coding	MAPK1	SRR13089344	Vero_cell
ENSCSAT00000006002.1	ENSCSAG00000007955.1	cdna	protein_coding		SRR13089344	Vero_cell
ENSCSAT00000012233.1	ENSCSAG00000014143.1	cdna	protein_coding	RPS27A	SRR13089344	Vero_cell
ENSCSAT00000001567.1	ENSCSAG00000003541.1	cdna	protein_coding	TMPO	SRR13089344	Vero_cell
ENSCSAT00000012163.1	ENSCSAG00000014073.1	cdna	protein_coding	IDI1	SRR13089344	Vero_cell
ENSCSAT00000008062.1	ENSCSAG00000009972.1	cdna	protein_coding	RPL10A	SRR13089344	Vero_cell
ENSCSAT00000006493.1	ENSCSAG00000008441.1	cdna	protein_coding	RPL35A	SRR13089344	Vero_cell
ENSCSAT00000008635.1	ENSCSAG00000010551.1	cdna	protein_coding	RPLP2	SRR13089344	Vero_cell
ENSCSAT00000019537.1	ENSCSAG00000019447.1	cdna	protein_coding		SRR13089344	Vero_cell
ENSCSAT00000002482.1	ENSCSAG00000004449.1	cdna	protein_coding		SRR13089344	Vero_cell
ENSCSAT00000016790.1	ENSCSAG00000001740.1	cdna	protein_coding	IL11	SRR13089344	Vero_cell
ENSCSAT00000016933.1	ENSCSAG00000001598.1	cdna	protein_coding	RPS5	SRR13089344	Vero_cell
ENSCSAT00000015361.1	ENSCSAG00000017268.1	cdna	protein_coding	EPHA7	SRR13089344	Vero_cell
ENSCSAT00000014792.1	ENSCSAG00000016696.1	cdna	protein_coding		SRR13089344	Vero_cell
ENSCSAT00000002482.1	ENSCSAG00000004449.1	cdna	protein_coding		SRR13089344	Vero_cell
ENSCSAT00000008533.1	ENSCSAG00000010445.1	cdna	protein_coding	RPL26	SRR13089344	Vero_cell
ENSCSAT00000001565.1	ENSCSAG00000003535.1	cdna	protein_coding	SLC25A3	SRR13089344	Vero_cell
ENSCSAT00000008635.1	ENSCSAG00000010551.1	cdna	protein_coding	RPLP2	SRR13089344	Vero_cell
ENSCSAT00000012647.1	ENSCSAG00000014555.1	cdna	protein_coding	CSNK1G3	SRR13089344	Vero_cell
ENSCSAT00000005821.1	ENSCSAG00000007781.1	cdna	protein_coding	VPS13A	SRR13089344	Vero_cell
ENSCSAT00000008861.1	ENSCSAG00000010773.1	cdna	protein_coding	TSPAN12	SRR13089344	Vero_cell
ENSCSAT00000015029.1	ENSCSAG00000016932.1	cdna	protein_coding		SRR13089344	Vero_cell
ENSCSAT00000009001.1	ENSCSAG00000010913.1	cdna	protein_coding	NCK1	SRR13089344	Vero_cell
ENSCSAT00000012233.1	ENSCSAG00000014143.1	cdna	protein_coding	RPS27A	SRR13089344	Vero_cell
ENSCSAT00000015868.1	ENSCSAG00000017773.1	cdna	protein_coding	TPT1	SRR13089344	Vero_cell
ENSCSAT00000009612.1	ENSCSAG00000011524.1	cdna	protein_coding	SLC30A6	SRR13089344	Vero_cell
ENSCSAT00000002495.1	ENSCSAG00000004461.1	cdna	protein_coding	HNRNPDL	SRR13089344	Vero_cell
ENSCSAT00000009623.1	ENSCSAG00000011534.1	cdna	protein_coding	RPS14	SRR13089344	Vero_cell
ENSCSAT00000012574.1	ENSCSAG00000014483.1	cdna	protein_coding	LMNB1	SRR13089344	Vero_cell
ENSCSAT00000010108.1	ENSCSAG00000012017.1	cdna	protein_coding	PABPC1	SRR13089344	Vero_cell
ENSCSAT00000018249.1	ENSCSAG00000000286.1	cdna	protein_coding		SRR13089344	Vero_cell
ENSCSAT00000019107.1	ENSCSAG00000019017.1	cdna	protein_coding		SRR13089344	Vero_cell
ENSCSAT00000003982.1	ENSCSAG00000005943.1	cdna	protein_coding	SSRP1	SRR13089344	Vero_cell
ENSCSAT00000011687.1	ENSCSAG00000013590.1	cdna	protein_coding	RPL7	SRR13089344	Vero_cell
ENSCSAT00000010642.1	ENSCSAG00000012549.1	cdna	protein_coding	DHX9	SRR13089344	Vero_cell
ENSCSAT00000013875.1	ENSCSAG00000015783.1	cdna	protein_coding	TNS3	SRR13089344	Vero_cell
ENSCSAT00000012233.1	ENSCSAG00000014143.1	cdna	protein_coding	RPS27A	SRR13089344	Vero_cell
ENSCSAT00000006269.1	ENSCSAG00000008214.1	cdna	protein_coding		SRR13089344	Vero_cell
ENSCSAT00000003174.1	ENSCSAG00000005139.1	cdna	protein_coding	AMFR	SRR13089344	Vero_cell
ENSCSAT00000012734.1	ENSCSAG00000014640.1	cdna	protein_coding	CCT4	SRR13089344	Vero_cell
ENSCSAT00000008551.1	ENSCSAG00000010471.1	cdna	protein_coding	SETD3	SRR13089344	Vero_cell
ENSCSAT00000018832.1	ENSCSAG00000018742.1	cdna	protein_coding		SRR13089344	Vero_cell
ENSCSAT00000001372.1	ENSCSAG00000003344.1	cdna	protein_coding	RPS3A	SRR13089344	Vero_cell
ENSCSAT00000016062.1	ENSCSAG00000017963.1	cdna	pseudogene		SRR13089344	Vero_cell
ENSCSAT00000008721.1	ENSCSAG00000010632.1	cdna	protein_coding	SECISBP2L	SRR13089344	Vero_cell
ENSCSAT00000002812.1	ENSCSAG00000004778.1	cdna	protein_coding	CXCL6	SRR13089344	Vero_cell
ENSCSAT00000000697.1	ENSCSAG00000002677.1	cdna	protein_coding		SRR13089344	Vero_cell
ENSCSAT00000008635.1	ENSCSAG00000010551.1	cdna	protein_coding	RPLP2	SRR13089344	Vero_cell
ENSCSAT00000002495.1	ENSCSAG00000004461.1	cdna	protein_coding	HNRNPDL	SRR13089344	Vero_cell
ENSCSAT00000018297.1	ENSCSAG00000000238.1	cdna	protein_coding		SRR13089344	Vero_cell
ENSCSAT00000008781.1	ENSCSAG00000010694.1	cdna	protein_coding	SNRPD3	SRR13089344	Vero_cell
ENSCSAT00000003475.1	ENSCSAG00000005442.1	cdna	protein_coding	NFKB2	SRR13089344	Vero_cell
ENSCSAT00000002054.1	ENSCSAG00000004026.1	cdna	protein_coding	EIF3K	SRR13089344	Vero_cell
ENSCSAT00000001408.1	ENSCSAG00000003383.1	cdna	protein_coding	RPL27	SRR13089344	Vero_cell
ENSCSAT00000006397.1	ENSCSAG00000008346.1	cdna	protein_coding	MGAT4B	SRR13089344	Vero_cell
ENSCSAT00000000621.1	ENSCSAG00000002605.1	cdna	protein_coding	KPNB1	SRR13089344	Vero_cell
ENSCSAT00000018693.1	ENSCSAG00000018603.1	cdna	protein_coding		SRR13089344	Vero_cell
ENSCSAT00000012233.1	ENSCSAG00000014143.1	cdna	protein_coding	RPS27A	SRR13089344	Vero_cell
ENSCSAT00000017604.1	ENSCSAG00000000929.1	cdna	protein_coding	RPL11	SRR13089344	Vero_cell
ENSCSAT00000012233.1	ENSCSAG00000014143.1	cdna	protein_coding	RPS27A	SRR13089344	Vero_cell
ENSCSAT00000011706.1	ENSCSAG00000013638.1	cdna	protein_coding	RPLP1	SRR13089344	Vero_cell
ENSCSAT00000018555.1	ENSCSAG00000018465.1	cdna	protein_coding		SRR13089344	Vero_cell
ENSCSAT00000018249.1	ENSCSAG00000000286.1	cdna	protein_coding		SRR13089344	Vero_cell
ENSCSAT00000010376.1	ENSCSAG00000012278.1	cdna	protein_coding	DLST	SRR13089344	Vero_cell
ENSCSAT00000013875.1	ENSCSAG00000015783.1	cdna	protein_coding	TNS3	SRR13089344	Vero_cell
ENSCSAT00000019107.1	ENSCSAG00000019017.1	cdna	protein_coding		SRR13089344	Vero_cell
ENSCSAT00000017266.1	ENSCSAG00000001267.1	cdna	protein_coding	OSBPL9	SRR13089344	Vero_cell
ENSCSAT00000003343.1	ENSCSAG00000005313.1	cdna	protein_coding	SLK	SRR13089344	Vero_cell
ENSCSAT00000001408.1	ENSCSAG00000003383.1	cdna	protein_coding	RPL27	SRR13089344	Vero_cell
ENSCSAT00000018249.1	ENSCSAG00000000286.1	cdna	protein_coding		SRR13089344	Vero_cell
ENSCSAT00000003598.1	ENSCSAG00000005574.1	cdna	protein_coding	EIF4B	SRR13089344	Vero_cell
ENSCSAT00000002495.1	ENSCSAG00000004461.1	cdna	protein_coding	HNRNPDL	SRR13089344	Vero_cell
ENSCSAT00000015324.1	ENSCSAG00000017230.1	cdna	protein_coding	CRACDL	SRR13089344	Vero_cell
ENSCSAT00000007369.1	ENSCSAG00000009299.1	cdna	protein_coding	RPS24	SRR13089344	Vero_cell
ENSCSAT00000000676.1	ENSCSAG00000002658.1	cdna	protein_coding		SRR13089344	Vero_cell
ENSCSAT00000012233.1	ENSCSAG00000014143.1	cdna	protein_coding	RPS27A	SRR13089344	Vero_cell
ENSCSAT00000000676.1	ENSCSAG00000002658.1	cdna	protein_coding		SRR13089344	Vero_cell
ENSCSAT00000015029.1	ENSCSAG00000016932.1	cdna	protein_coding		SRR13089344	Vero_cell
ENSCSAT00000006002.1	ENSCSAG00000007955.1	cdna	protein_coding		SRR13089344	Vero_cell
ENSCSAT00000000676.1	ENSCSAG00000002658.1	cdna	protein_coding		SRR13089344	Vero_cell
ENSCSAT00000006068.1	ENSCSAG00000008017.1	cdna	protein_coding	RACK1	SRR13089344	Vero_cell
ENSCSAT00000018821.1	ENSCSAG00000018731.1	cdna	protein_coding		SRR13089344	Vero_cell
ENSCSAT00000013013.1	ENSCSAG00000014920.1	cdna	protein_coding	DCP2	SRR13089344	Vero_cell
ENSCSAT00000018249.1	ENSCSAG00000000286.1	cdna	protein_coding		SRR13089344	Vero_cell
ENSCSAT00000016676.1	ENSCSAG00000001853.1	cdna	protein_coding	S100A4	SRR13089344	Vero_cell
ENSCSAT00000018249.1	ENSCSAG00000000286.1	cdna	protein_coding		SRR13089344	Vero_cell
ENSCSAT00000006318.1	ENSCSAG00000008265.1	cdna	protein_coding	ZFAND5	SRR13089344	Vero_cell
ENSCSAT00000018249.1	ENSCSAG00000000286.1	cdna	protein_coding		SRR13089344	Vero_cell
ENSCSAT00000004995.1	ENSCSAG00000006946.1	cdna	protein_coding	RPS7	SRR13089344	Vero_cell
ENSCSAT00000019144.1	ENSCSAG00000019054.1	cdna	protein_coding		SRR13089344	Vero_cell
ENSCSAT00000006002.1	ENSCSAG00000007955.1	cdna	protein_coding		SRR13089344	Vero_cell
ENSCSAT00000013875.1	ENSCSAG00000015783.1	cdna	protein_coding	TNS3	SRR13089344	Vero_cell
ENSCSAT00000004639.1	ENSCSAG00000006601.1	cdna	protein_coding	RHEB	SRR13089344	Vero_cell
ENSCSAT00000009221.1	ENSCSAG00000011155.1	cdna	protein_coding		SRR13089344	Vero_cell
ENSCSAT00000019107.1	ENSCSAG00000019017.1	cdna	protein_coding		SRR13089344	Vero_cell
ENSCSAT00000014792.1	ENSCSAG00000016696.1	cdna	protein_coding		SRR13089344	Vero_cell
ENSCSAT00000004594.1	ENSCSAG00000006563.1	cdna	protein_coding	FUNDC2	SRR13089344	Vero_cell
ENSCSAT00000012786.1	ENSCSAG00000014691.1	cdna	protein_coding	MDH1	SRR13089344	Vero_cell
ENSCSAT00000002795.1	ENSCSAG00000004762.1	cdna	protein_coding	RPS13	SRR13089344	Vero_cell
ENSCSAT00000006330.1	ENSCSAG00000008279.1	cdna	protein_coding	TUBB	SRR13089344	Vero_cell
ENSCSAT00000013915.1	ENSCSAG00000015852.1	cdna	protein_coding	SEC16A	SRR13089344	Vero_cell
ENSCSAT00000006068.1	ENSCSAG00000008017.1	cdna	protein_coding	RACK1	SRR13089344	Vero_cell
ENSCSAT00000000697.1	ENSCSAG00000002677.1	cdna	protein_coding		SRR13089344	Vero_cell
ENSCSAT00000017062.1	ENSCSAG00000001471.1	cdna	protein_coding		SRR13089344	Vero_cell
ENSCSAT00000011213.1	ENSCSAG00000013143.1	cdna	protein_coding	SEPHS1	SRR13089344	Vero_cell
ENSCSAT00000017062.1	ENSCSAG00000001471.1	cdna	protein_coding		SRR13089344	Vero_cell
ENSCSAT00000013875.1	ENSCSAG00000015783.1	cdna	protein_coding	TNS3	SRR13089344	Vero_cell
ENSCSAT00000000958.1	ENSCSAG00000002928.1	cdna	protein_coding	NOP53	SRR13089344	Vero_cell
ENSCSAT00000015002.1	ENSCSAG00000016907.1	cdna	protein_coding	RPL14	SRR13089344	Vero_cell
ENSCSAT00000014025.1	ENSCSAG00000015925.1	cdna	protein_coding	ACVR1	SRR13089344	Vero_cell
ENSCSAT00000000676.1	ENSCSAG00000002658.1	cdna	protein_coding		SRR13089344	Vero_cell
ENSCSAT00000005497.1	ENSCSAG00000007445.1	cdna	protein_coding	LDAF1	SRR13089344	Vero_cell
ENSCSAT00000018249.1	ENSCSAG00000000286.1	cdna	protein_coding		SRR13089344	Vero_cell
ENSCSAT00000018821.1	ENSCSAG00000018731.1	cdna	protein_coding		SRR13089344	Vero_cell
ENSCSAT00000018249.1	ENSCSAG00000000286.1	cdna	protein_coding		SRR13089344	Vero_cell
ENSCSAT00000012074.1	ENSCSAG00000013978.1	cdna	protein_coding	EHHADH	SRR13089344	Vero_cell
ENSCSAT00000011706.1	ENSCSAG00000013638.1	cdna	protein_coding	RPLP1	SRR13089344	Vero_cell
ENSCSAT00000011706.1	ENSCSAG00000013638.1	cdna	protein_coding	RPLP1	SRR13089344	Vero_cell
ENSCSAT00000007369.1	ENSCSAG00000009299.1	cdna	protein_coding	RPS24	SRR13089344	Vero_cell
ENSCSAT00000015298.1	ENSCSAG00000017207.1	cdna	protein_coding		SRR13089344	Vero_cell
ENSCSAT00000008983.1	ENSCSAG00000010894.1	cdna	protein_coding	STAG1	SRR13089344	Vero_cell
ENSCSAT00000011269.1	ENSCSAG00000013179.1	cdna	protein_coding	FXR1	SRR13089344	Vero_cell
ENSCSAT00000017062.1	ENSCSAG00000001471.1	cdna	protein_coding		SRR13089344	Vero_cell
ENSCSAT00000001861.1	ENSCSAG00000003832.1	cdna	protein_coding	RPS16	SRR13089344	Vero_cell
ENSCSAT00000011297.1	ENSCSAG00000013205.1	cdna	protein_coding		SRR13089344	Vero_cell
ENSCSAT00000015868.1	ENSCSAG00000017773.1	cdna	protein_coding	TPT1	SRR13089344	Vero_cell
ENSCSAT00000000002.1	ENSCSAG00000000002.1	ncrna	Mt_rRNA	NA	SRR13089344	Vero_cell
ENSCSAT00000019632.1	ENSCSAG00000019542.1	cdna	protein_coding		SRR13089344	Vero_cell
ENSCSAT00000007369.1	ENSCSAG00000009299.1	cdna	protein_coding	RPS24	SRR13089344	Vero_cell
ENSCSAT00000011706.1	ENSCSAG00000013638.1	cdna	protein_coding	RPLP1	SRR13089344	Vero_cell
ENSCSAT00000018249.1	ENSCSAG00000000286.1	cdna	protein_coding		SRR13089344	Vero_cell
ENSCSAT00000018249.1	ENSCSAG00000000286.1	cdna	protein_coding		SRR13089344	Vero_cell
ENSCSAT00000010807.1	ENSCSAG00000012716.1	cdna	protein_coding	RPL22L1	SRR13089344	Vero_cell
ENSCSAT00000002495.1	ENSCSAG00000004461.1	cdna	protein_coding	HNRNPDL	SRR13089344	Vero_cell
ENSCSAT00000000551.1	ENSCSAG00000002534.1	cdna	protein_coding	RPS11	SRR13089344	Vero_cell
ENSCSAT00000002885.1	ENSCSAG00000004855.1	cdna	protein_coding		SRR13089344	Vero_cell
ENSCSAT00000005386.1	ENSCSAG00000007343.1	cdna	protein_coding	SYT10	SRR13089344	Vero_cell
ENSCSAT00000012450.1	ENSCSAG00000014399.1	cdna	protein_coding		SRR13089344	Vero_cell
ENSCSAT00000015868.1	ENSCSAG00000017773.1	cdna	protein_coding	TPT1	SRR13089344	Vero_cell
ENSCSAT00000004639.1	ENSCSAG00000006601.1	cdna	protein_coding	RHEB	SRR13089344	Vero_cell
ENSCSAT00000015664.1	ENSCSAG00000017569.1	cdna	protein_coding	RAB12	SRR13089344	Vero_cell
ENSCSAT00000019011.1	ENSCSAG00000018921.1	cdna	protein_coding		SRR13089344	Vero_cell
ENSCSAT00000019299.1	ENSCSAG00000019209.1	cdna	protein_coding		SRR13089344	Vero_cell
ENSCSAT00000011387.1	ENSCSAG00000013301.1	cdna	protein_coding	GSN	SRR13089344	Vero_cell
ENSCSAT00000011974.1	ENSCSAG00000013879.1	cdna	protein_coding	SPTBN1	SRR13089344	Vero_cell
ENSCSAT00000019144.1	ENSCSAG00000019054.1	cdna	protein_coding		SRR13089344	Vero_cell
ENSCSAT00000001408.1	ENSCSAG00000003383.1	cdna	protein_coding	RPL27	SRR13089344	Vero_cell
ENSCSAT00000011706.1	ENSCSAG00000013638.1	cdna	protein_coding	RPLP1	SRR13089344	Vero_cell
ENSCSAT00000019144.1	ENSCSAG00000019054.1	cdna	protein_coding		SRR13089344	Vero_cell
ENSCSAT00000011706.1	ENSCSAG00000013638.1	cdna	protein_coding	RPLP1	SRR13089344	Vero_cell
ENSCSAT00000016792.1	ENSCSAG00000001738.1	cdna	protein_coding		SRR13089344	Vero_cell
ENSCSAT00000019107.1	ENSCSAG00000019017.1	cdna	protein_coding		SRR13089344	Vero_cell
ENSCSAT00000015868.1	ENSCSAG00000017773.1	cdna	protein_coding	TPT1	SRR13089344	Vero_cell
ENSCSAT00000018544.1	ENSCSAG00000018454.1	cdna	protein_coding		SRR13089344	Vero_cell
ENSCSAT00000011462.1	ENSCSAG00000013370.1	cdna	protein_coding	RGS2	SRR13089344	Vero_cell
ENSCSAT00000019632.1	ENSCSAG00000019542.1	cdna	protein_coding		SRR13089344	Vero_cell
ENSCSAT00000012233.1	ENSCSAG00000014143.1	cdna	protein_coding	RPS27A	SRR13089344	Vero_cell
ENSCSAT00000007475.1	ENSCSAG00000009408.1	cdna	protein_coding		SRR13089344	Vero_cell
ENSCSAT00000010856.1	ENSCSAG00000012763.1	cdna	protein_coding	TMEM67	SRR13089344	Vero_cell
ENSCSAT00000002495.1	ENSCSAG00000004461.1	cdna	protein_coding	HNRNPDL	SRR13089344	Vero_cell
ENSCSAT00000017236.1	ENSCSAG00000001297.1	cdna	protein_coding	LRRC42	SRR13089344	Vero_cell
ENSCSAT00000007369.1	ENSCSAG00000009299.1	cdna	protein_coding	RPS24	SRR13089344	Vero_cell
ENSCSAT00000000676.1	ENSCSAG00000002658.1	cdna	protein_coding		SRR13089344	Vero_cell
ENSCSAT00000001372.1	ENSCSAG00000003344.1	cdna	protein_coding	RPS3A	SRR13089344	Vero_cell
ENSCSAT00000000551.1	ENSCSAG00000002534.1	cdna	protein_coding	RPS11	SRR13089344	Vero_cell
ENSCSAT00000010067.1	ENSCSAG00000011982.1	cdna	protein_coding	NCOA6	SRR13089344	Vero_cell
ENSCSAT00000019537.1	ENSCSAG00000019447.1	cdna	protein_coding		SRR13089344	Vero_cell
ENSCSAT00000012810.1	ENSCSAG00000014715.1	cdna	protein_coding	RB1CC1	SRR13089344	Vero_cell
ENSCSAT00000015313.1	ENSCSAG00000017221.1	cdna	protein_coding		SRR13089344	Vero_cell
ENSCSAT00000018059.1	ENSCSAG00000000476.1	cdna	protein_coding		SRR13089344	Vero_cell
ENSCSAT00000011323.1	ENSCSAG00000013231.1	cdna	protein_coding	BRD8	SRR13089344	Vero_cell
ENSCSAT00000018693.1	ENSCSAG00000018603.1	cdna	protein_coding		SRR13089344	Vero_cell
ENSCSAT00000008635.1	ENSCSAG00000010551.1	cdna	protein_coding	RPLP2	SRR13089344	Vero_cell
ENSCSAT00000018249.1	ENSCSAG00000000286.1	cdna	protein_coding		SRR13089344	Vero_cell
ENSCSAT00000010446.1	ENSCSAG00000012353.1	cdna	protein_coding		SRR13089344	Vero_cell
ENSCSAT00000001408.1	ENSCSAG00000003383.1	cdna	protein_coding	RPL27	SRR13089344	Vero_cell
ENSCSAT00000003546.1	ENSCSAG00000005514.1	cdna	protein_coding	NME2	SRR13089344	Vero_cell
ENSCSAT00000006761.1	ENSCSAG00000008695.1	cdna	protein_coding	RAB10	SRR13089344	Vero_cell
ENSCSAT00000011297.1	ENSCSAG00000013205.1	cdna	protein_coding		SRR13089344	Vero_cell
ENSCSAT00000018249.1	ENSCSAG00000000286.1	cdna	protein_coding		SRR13089344	Vero_cell
ENSCSAT00000016792.1	ENSCSAG00000001738.1	cdna	protein_coding		SRR13089344	Vero_cell
ENSCSAT00000000676.1	ENSCSAG00000002658.1	cdna	protein_coding		SRR13089344	Vero_cell
ENSCSAT00000013481.1	ENSCSAG00000015387.1	cdna	protein_coding	PPP2R5A	SRR13089344	Vero_cell
ENSCSAT00000018821.1	ENSCSAG00000018731.1	cdna	protein_coding		SRR13089344	Vero_cell
ENSCSAT00000019107.1	ENSCSAG00000019017.1	cdna	protein_coding		SRR13089344	Vero_cell
ENSCSAT00000008955.1	ENSCSAG00000010865.1	cdna	protein_coding	EEF2	SRR13089344	Vero_cell
ENSCSAT00000019238.1	ENSCSAG00000019148.1	cdna	protein_coding		SRR13089344	Vero_cell
ENSCSAT00000018821.1	ENSCSAG00000018731.1	cdna	protein_coding		SRR13089344	Vero_cell
ENSCSAT00000014174.1	ENSCSAG00000016077.1	cdna	protein_coding	EDF1	SRR13089344	Vero_cell
ENSCSAT00000009221.1	ENSCSAG00000011155.1	cdna	protein_coding		SRR13089344	Vero_cell
ENSCSAT00000014948.1	ENSCSAG00000016865.1	cdna	protein_coding	TBC1D1	SRR13089344	Vero_cell
ENSCSAT00000011706.1	ENSCSAG00000013638.1	cdna	protein_coding	RPLP1	SRR13089344	Vero_cell
ENSCSAT00000009310.1	ENSCSAG00000011227.1	cdna	protein_coding	RNF20	SRR13089344	Vero_cell
ENSCSAT00000013671.1	ENSCSAG00000015577.1	cdna	protein_coding	GNAS	SRR13089344	Vero_cell
ENSCSAT00000019144.1	ENSCSAG00000019054.1	cdna	protein_coding		SRR13089344	Vero_cell
ENSCSAT00000000551.1	ENSCSAG00000002534.1	cdna	protein_coding	RPS11	SRR13089344	Vero_cell
ENSCSAT00000009623.1	ENSCSAG00000011534.1	cdna	protein_coding	RPS14	SRR13089344	Vero_cell
ENSCSAT00000001372.1	ENSCSAG00000003344.1	cdna	protein_coding	RPS3A	SRR13089344	Vero_cell
ENSCSAT00000015373.1	ENSCSAG00000017284.1	cdna	protein_coding	TRIO	SRR13329327	Vero_cell
ENSCSAT00000015435.1	ENSCSAG00000017342.1	cdna	protein_coding	MED10	CRR197323	Vero_cell
ENSCSAT00000004297.1	ENSCSAG00000006256.1	cdna	protein_coding		VeroInf24h	Vero_cell
ENSCSAT00000010058.1	ENSCSAG00000011969.1	cdna	protein_coding		VeroInf24h	Vero_cell
ENSCSAT00000000159.1	ENSCSAG00000002143.1	cdna	protein_coding	MEF2D	VeroInf24h	Vero_cell
ENSCSAT00000003059.1	ENSCSAG00000005027.1	cdna	protein_coding	ATP5F1B	CRR197322	Vero_cell
ENSCSAT00000003679.1	ENSCSAG00000005642.1	cdna	protein_coding	SRSF1	CRR197323	Vero_cell
ENSCSAT00000006002.1	ENSCSAG00000007955.1	cdna	protein_coding		CRR127516	Vero_cell
ENSCSAT00000017604.1	ENSCSAG00000000929.1	cdna	protein_coding	RPL11	CRR127516	Vero_cell
ENSCSAT00000004196.1	ENSCSAG00000006157.1	cdna	protein_coding	TUBA1B	CRR197322	Vero_cell
ENSCSAT00000014387.1	ENSCSAG00000016289.1	cdna	protein_coding	TNFRSF10B	CRR197323	Vero_cell
ENSCSAT00000000627.1	ENSCSAG00000002610.1	cdna	protein_coding	NPEPPS	CRR197322	Vero_cell
ENSCSAT00000013771.1	ENSCSAG00000015690.1	cdna	protein_coding	PPIA	CRR127516	Vero_cell
ENSCSAT00000002476.1	ENSCSAG00000004475.1	cdna	protein_coding	XPOT	CRR127516	Vero_cell
ENSCSAT00000004134.1	ENSCSAG00000006093.1	cdna	protein_coding	TFG	VeroInf24h	Vero_cell
ENSCSAT00000014165.1	ENSCSAG00000016069.1	cdna	protein_coding	VOPP1	CRR127516	Vero_cell
ENSCSAT00000016674.1	ENSCSAG00000001855.1	cdna	protein_coding	S100A2	CRR197323	Vero_cell
ENSCSAT00000001861.1	ENSCSAG00000003832.1	cdna	protein_coding	RPS16	CRR127517	Vero_cell
ENSCSAT00000007369.1	ENSCSAG00000009299.1	cdna	protein_coding	RPS24	CRR197323	Vero_cell
ENSCSAT00000012164.1	ENSCSAG00000014076.1	cdna	protein_coding	ELF3	VeroInf24h	Vero_cell
ENSCSAT00000005336.1	ENSCSAG00000007295.1	cdna	protein_coding	LGALS1	CRR197323	Vero_cell
ENSCSAT00000013807.1	ENSCSAG00000015713.1	cdna	protein_coding	RRP15	CRR127516	Vero_cell
ENSCSAT00000007157.1	ENSCSAG00000009095.1	cdna	protein_coding	XRCC5	CRR197323	Vero_cell
ENSCSAT00000005243.1	ENSCSAG00000007192.1	cdna	protein_coding	ESRRA	VeroInf24h	Vero_cell
ENSCSAT00000014955.1	ENSCSAG00000016860.1	cdna	protein_coding	EHMT1	VeroInf24h	Vero_cell
ENSCSAT00000010108.1	ENSCSAG00000012017.1	cdna	protein_coding	PABPC1	CRR197323	Vero_cell
ENSCSAT00000012306.1	ENSCSAG00000014209.1	cdna	protein_coding	YWHAB	VeroInf24h	Vero_cell
ENSCSAT00000008330.1	ENSCSAG00000010247.1	cdna	protein_coding	NDUFS1	CRR127516	Vero_cell
ENSCSAT00000010446.1	ENSCSAG00000012353.1	cdna	protein_coding		VeroInf24h	Vero_cell
ENSCSAT00000009556.1	ENSCSAG00000011468.1	cdna	protein_coding	EIF4A1	CRR197323	Vero_cell
ENSCSAT00000014435.1	ENSCSAG00000016342.1	cdna	protein_coding	CENPW	CRR127516	Vero_cell
ENSCSAT00000008732.1	ENSCSAG00000010648.1	cdna	protein_coding	COPS2	VeroInf24h	Vero_cell
ENSCSAT00000017330.1	ENSCSAG00000001203.1	cdna	protein_coding	RPS8	CRR197323	Vero_cell
ENSCSAT00000005857.1	ENSCSAG00000007811.1	cdna	protein_coding	SUPV3L1	CRR197322	Vero_cell
ENSCSAT00000002054.1	ENSCSAG00000004026.1	cdna	protein_coding	EIF3K	CRR127516	Vero_cell
ENSCSAT00000013367.1	ENSCSAG00000015276.1	cdna	protein_coding	RPS29	CRR127516	Vero_cell
ENSCSAT00000017865.1	ENSCSAG00000000670.1	cdna	protein_coding	AGRN	CRR127516	Vero_cell
ENSCSAT00000002885.1	ENSCSAG00000004855.1	cdna	protein_coding		VeroInf24h	Vero_cell
ENSCSAT00000008261.1	ENSCSAG00000010175.1	cdna	protein_coding	NDUFB9	CRR197323	Vero_cell
ENSCSAT00000004803.1	ENSCSAG00000006762.1	cdna	protein_coding	MTMR10	CRR197323	Vero_cell
ENSCSAT00000003162.1	ENSCSAG00000005130.1	cdna	protein_coding	POLR2B	VeroInf24h	Vero_cell
ENSCSAT00000005711.1	ENSCSAG00000007657.1	cdna	protein_coding	FAU	CRR127516	Vero_cell
ENSCSAT00000015694.1	ENSCSAG00000017599.1	cdna	protein_coding	MYL12B	CRR127516	Vero_cell
ENSCSAT00000007678.1	ENSCSAG00000009591.1	cdna	protein_coding	DUSP1	CRR197323	Vero_cell
ENSCSAT00000001861.1	ENSCSAG00000003832.1	cdna	protein_coding	RPS16	VeroInf24h	Vero_cell
ENSCSAT00000016905.1	ENSCSAG00000001625.1	cdna	protein_coding	ZNF134	CRR197323	Vero_cell
ENSCSAT00000005577.1	ENSCSAG00000007560.1	cdna	protein_coding		VeroInf24h	Vero_cell
ENSCSAT00000009903.1	ENSCSAG00000011814.1	cdna	protein_coding	CSNK1A1	CRR197323	Vero_cell
ENSCSAT00000005724.1	ENSCSAG00000007673.1	cdna	protein_coding	TMEM11	VeroInf24h	Vero_cell
ENSCSAT00000005711.1	ENSCSAG00000007657.1	cdna	protein_coding	FAU	CRR197323	Vero_cell
ENSCSAT00000006761.1	ENSCSAG00000008695.1	cdna	protein_coding	RAB10	VeroInf24h	Vero_cell
ENSCSAT00000018562.1	ENSCSAG00000018472.1	cdna	protein_coding	DDX28	VeroInf24h	Vero_cell
ENSCSAT00000000023.1	ENSCSAG00000000023.1	cdna	protein_coding	COX3	VeroInf24h	Vero_cell
ENSCSAT00000010760.1	ENSCSAG00000012673.1	cdna	protein_coding	SEC62	CRR127516	Vero_cell
ENSCSAT00000017881.1	ENSCSAG00000000654.1	cdna	protein_coding		CRR197323	Vero_cell
ENSCSAT00000013771.1	ENSCSAG00000015690.1	cdna	protein_coding	PPIA	VeroInf24h	Vero_cell
ENSCSAT00000001395.1	ENSCSAG00000003368.1	cdna	protein_coding	ARL1	CRR197323	Vero_cell
ENSCSAT00000000687.1	ENSCSAG00000002670.1	cdna	protein_coding	ATP2A2	CRR197322	Vero_cell
ENSCSAT00000012689.1	ENSCSAG00000014597.1	cdna	protein_coding	RPS20	CRR197323	Vero_cell
ENSCSAT00000012528.1	ENSCSAG00000014434.1	cdna	protein_coding	PRRC1	VeroInf24h	Vero_cell
ENSCSAT00000013282.1	ENSCSAG00000015190.1	cdna	protein_coding	CD46	VeroInf24h	Vero_cell
ENSCSAT00000002849.1	ENSCSAG00000004817.1	cdna	protein_coding	ANKRD17	CRR197323	Vero_cell
ENSCSAT00000018734.1	ENSCSAG00000018644.1	cdna	protein_coding		VeroInf24h	Vero_cell
ENSCSAT00000015808.1	ENSCSAG00000017712.1	cdna	protein_coding	RAC1	VeroInf24h	Vero_cell
ENSCSAT00000009208.1	ENSCSAG00000011121.1	cdna	protein_coding		CRR197323	Vero_cell
ENSCSAT00000003445.1	ENSCSAG00000005411.1	cdna	protein_coding	TRIM8	VeroInf24h	Vero_cell
ENSCSAT00000007678.1	ENSCSAG00000009591.1	cdna	protein_coding	DUSP1	VeroInf24h	Vero_cell
ENSCSAT00000003059.1	ENSCSAG00000005027.1	cdna	protein_coding	ATP5F1B	CRR197323	Vero_cell
ENSCSAT00000005556.1	ENSCSAG00000007511.1	cdna	protein_coding	EDN1	VeroInf24h	Vero_cell
ENSCSAT00000003503.1	ENSCSAG00000005468.1	cdna	protein_coding		CRR197323	Vero_cell
ENSCSAT00000000023.1	ENSCSAG00000000023.1	cdna	protein_coding	COX3	VeroInf24h	Vero_cell
ENSCSAT00000008635.1	ENSCSAG00000010551.1	cdna	protein_coding	RPLP2	CRR127517	Vero_cell
ENSCSAT00000015151.1	ENSCSAG00000017057.1	cdna	protein_coding	ADGRG6	CRR127516	Vero_cell
ENSCSAT00000008062.1	ENSCSAG00000009972.1	cdna	protein_coding	RPL10A	VeroInf24h	Vero_cell
ENSCSAT00000000145.1	ENSCSAG00000002128.1	cdna	protein_coding	CCT3	CRR127516	Vero_cell
ENSCSAT00000015213.1	ENSCSAG00000017120.1	cdna	protein_coding	FBXO30	VeroInf24h	Vero_cell
ENSCSAT00000004804.1	ENSCSAG00000006761.1	cdna	protein_coding	PRKCSH	VeroInf24h	Vero_cell
ENSCSAT00000013511.1	ENSCSAG00000015418.1	cdna	protein_coding	CASS4	CRR127517	Vero_cell
ENSCSAT00000013347.1	ENSCSAG00000015253.1	cdna	protein_coding	DALRD3	CRR127516	Vero_cell
ENSCSAT00000000130.1	ENSCSAG00000002113.1	cdna	protein_coding	RSRC2	CRR127516	Vero_cell
ENSCSAT00000012557.1	ENSCSAG00000014465.1	cdna	protein_coding	PEX13	VeroInf24h	Vero_cell
ENSCSAT00000011425.1	ENSCSAG00000013331.1	cdna	protein_coding	NDUFA8	CRR197323	Vero_cell
ENSCSAT00000011728.1	ENSCSAG00000013633.1	cdna	protein_coding	HSPA5	VeroInf24h	Vero_cell
ENSCSAT00000001861.1	ENSCSAG00000003832.1	cdna	protein_coding	RPS16	VeroInf24h	Vero_cell
ENSCSAT00000009208.1	ENSCSAG00000011121.1	cdna	protein_coding		CRR127516	Vero_cell
ENSCSAT00000014387.1	ENSCSAG00000016289.1	cdna	protein_coding	TNFRSF10B	VeroInf24h	Vero_cell
ENSCSAT00000012098.1	ENSCSAG00000014000.1	cdna	protein_coding	HINT1	VeroInf24h	Vero_cell
ENSCSAT00000012043.1	ENSCSAG00000013950.1	cdna	protein_coding	KLHL7	CRR127517	Vero_cell
ENSCSAT00000018587.1	ENSCSAG00000018497.1	cdna	protein_coding	PABIR1	VeroInf24h	Vero_cell
ENSCSAT00000014387.1	ENSCSAG00000016289.1	cdna	protein_coding	TNFRSF10B	VeroInf24h	Vero_cell
ENSCSAT00000014402.1	ENSCSAG00000016308.1	cdna	protein_coding	WDR1	VeroInf24h	Vero_cell
ENSCSAT00000012140.1	ENSCSAG00000014048.1	cdna	protein_coding		VeroInf24h	Vero_cell
ENSCSAT00000016676.1	ENSCSAG00000001853.1	cdna	protein_coding	S100A4	CRR127516	Vero_cell
ENSCSAT00000006002.1	ENSCSAG00000007955.1	cdna	protein_coding		CRR197323	Vero_cell
ENSCSAT00000011687.1	ENSCSAG00000013590.1	cdna	protein_coding	RPL7	VeroInf24h	Vero_cell
ENSCSAT00000018291.1	ENSCSAG00000000244.1	cdna	protein_coding		CRR127516	Vero_cell
ENSCSAT00000006269.1	ENSCSAG00000008214.1	cdna	protein_coding		CRR127516	Vero_cell
ENSCSAT00000018638.1	ENSCSAG00000018548.1	cdna	protein_coding		CRR127517	Vero_cell
ENSCSAT00000007567.1	ENSCSAG00000009485.1	cdna	protein_coding		CRR197323	Vero_cell
ENSCSAT00000008192.1	ENSCSAG00000010109.1	cdna	protein_coding	MYC	VeroInf24h	Vero_cell
ENSCSAT00000003463.1	ENSCSAG00000005436.1	cdna	protein_coding		CRR127516	Vero_cell
ENSCSAT00000010201.1	ENSCSAG00000012113.1	cdna	protein_coding		VeroInf24h	Vero_cell
ENSCSAT00000007760.1	ENSCSAG00000009697.1	cdna	protein_coding	NPM1	VeroInf24h	Vero_cell
ENSCSAT00000000010.1	ENSCSAG00000000010.1	cdna	protein_coding	MT-ND2	VeroInf24h	Vero_cell
ENSCSAT00000012306.1	ENSCSAG00000014209.1	cdna	protein_coding	YWHAB	CRR127516	Vero_cell
ENSCSAT00000000021.1	ENSCSAG00000000021.1	cdna	protein_coding		VeroInf24h	Vero_cell
ENSCSAT00000002084.1	ENSCSAG00000004055.1	cdna	protein_coding	PAAF1	CRR197323	Vero_cell
ENSCSAT00000003964.1	ENSCSAG00000005923.1	cdna	protein_coding	CHMP2B	VeroInf24h	Vero_cell
ENSCSAT00000013332.1	ENSCSAG00000015235.1	cdna	protein_coding	NDUFAF3	CRR197323	Vero_cell
ENSCSAT00000016792.1	ENSCSAG00000001738.1	cdna	protein_coding		VeroInf24h	Vero_cell
ENSCSAT00000007905.1	ENSCSAG00000009823.1	cdna	protein_coding	SON	VeroInf24h	Vero_cell
ENSCSAT00000003736.1	ENSCSAG00000005705.1	cdna	protein_coding	MADD	VeroInf24h	Vero_cell
ENSCSAT00000010024.1	ENSCSAG00000011934.1	cdna	protein_coding	KLF10	CRR127517	Vero_cell
ENSCSAT00000017681.1	ENSCSAG00000000852.1	cdna	protein_coding	FBXO42	VeroInf24h	Vero_cell
ENSCSAT00000007301.1	ENSCSAG00000009233.1	cdna	protein_coding	EIF4A2	VeroInf24h	Vero_cell
ENSCSAT00000008610.1	ENSCSAG00000010531.1	cdna	protein_coding		CRR197323	Vero_cell
ENSCSAT00000010807.1	ENSCSAG00000012716.1	cdna	protein_coding	RPL22L1	CRR127516	Vero_cell
ENSCSAT00000012944.1	ENSCSAG00000014852.1	cdna	protein_coding	QRSL1	CRR197323	Vero_cell
ENSCSAT00000017270.1	ENSCSAG00000001263.1	cdna	pseudogene		CRR197323	Vero_cell
ENSCSAT00000011728.1	ENSCSAG00000013633.1	cdna	protein_coding	HSPA5	VeroInf24h	Vero_cell
ENSCSAT00000015009.1	ENSCSAG00000016915.1	cdna	protein_coding		VeroInf24h	Vero_cell
ENSCSAT00000013367.1	ENSCSAG00000015276.1	cdna	protein_coding	RPS29	CRR127517	Vero_cell
ENSCSAT00000008840.1	ENSCSAG00000010754.1	cdna	protein_coding	MGST3	CRR127516	Vero_cell
ENSCSAT00000009556.1	ENSCSAG00000011468.1	cdna	protein_coding	EIF4A1	CRR127516	Vero_cell
ENSCSAT00000000676.1	ENSCSAG00000002658.1	cdna	protein_coding		CRR127516	Vero_cell
ENSCSAT00000003608.1	ENSCSAG00000005572.1	cdna	protein_coding		VeroInf24h	Vero_cell
ENSCSAT00000007678.1	ENSCSAG00000009591.1	cdna	protein_coding	DUSP1	VeroInf24h	Vero_cell
ENSCSAT00000003557.1	ENSCSAG00000005526.1	cdna	protein_coding	TTC17	VeroInf24h	Vero_cell
ENSCSAT00000008170.1	ENSCSAG00000010080.1	cdna	protein_coding	EIF5	CRR127516	Vero_cell
ENSCSAT00000004975.1	ENSCSAG00000006928.1	cdna	protein_coding	EIPR1	CRR127517	Vero_cell
ENSCSAT00000012453.1	ENSCSAG00000014359.1	cdna	protein_coding	RAB2A	CRR197322	Vero_cell
ENSCSAT00000014152.1	ENSCSAG00000016057.1	cdna	protein_coding		CRR197322	Vero_cell
ENSCSAT00000016627.1	ENSCSAG00000001902.1	cdna	protein_coding		CRR127516	Vero_cell
ENSCSAT00000017330.1	ENSCSAG00000001203.1	cdna	protein_coding	RPS8	CRR127516	Vero_cell
ENSCSAT00000019107.1	ENSCSAG00000019017.1	cdna	protein_coding		CRR197323	Vero_cell
ENSCSAT00000019107.1	ENSCSAG00000019017.1	cdna	protein_coding		CRR197323	Vero_cell
ENSCSAT00000012233.1	ENSCSAG00000014143.1	cdna	protein_coding	RPS27A	CRR127517	Vero_cell
ENSCSAT00000008743.1	ENSCSAG00000010660.1	cdna	protein_coding	LTBR	CRR197323	Vero_cell
ENSCSAT00000014245.1	ENSCSAG00000016152.1	cdna	protein_coding	PLK2	VeroInf24h	Vero_cell
ENSCSAT00000007237.1	ENSCSAG00000009176.1	cdna	protein_coding	CCT8	VeroInf24h	Vero_cell
ENSCSAT00000018249.1	ENSCSAG00000000286.1	cdna	protein_coding		CRR127516	Vero_cell
ENSCSAT00000016528.1	ENSCSAG00000001999.1	cdna	protein_coding	KRTCAP2	VeroInf24h	Vero_cell
ENSCSAT00000014411.1	ENSCSAG00000016314.1	cdna	protein_coding		VeroInf24h	Vero_cell
ENSCSAT00000007301.1	ENSCSAG00000009233.1	cdna	protein_coding	EIF4A2	CRR197323	Vero_cell
ENSCSAT00000007493.1	ENSCSAG00000009421.1	cdna	protein_coding	MAPRE3	VeroInf24h	Vero_cell
ENSCSAT00000015094.1	ENSCSAG00000017000.1	cdna	protein_coding	AGPAT5	CRR197323	Vero_cell
ENSCSAT00000009457.1	ENSCSAG00000011368.1	cdna	protein_coding		VeroInf24h	Vero_cell
ENSCSAT00000013440.1	ENSCSAG00000015344.1	cdna	protein_coding	TBL1X	VeroInf24h	Vero_cell
ENSCSAT00000003385.1	ENSCSAG00000005353.1	cdna	protein_coding	ATP5MK	CRR127517	Vero_cell
ENSCSAT00000005216.1	ENSCSAG00000007168.1	cdna	protein_coding	BICD2	CRR127516	Vero_cell
ENSCSAT00000017604.1	ENSCSAG00000000929.1	cdna	protein_coding	RPL11	CRR127516	Vero_cell
ENSCSAT00000003674.1	ENSCSAG00000005639.1	cdna	protein_coding	BLOC1S2	VeroInf24h	Vero_cell
ENSCSAT00000003603.1	ENSCSAG00000005564.1	cdna	protein_coding	PGLS	CRR127516	Vero_cell
ENSCSAT00000008699.1	ENSCSAG00000010614.1	cdna	protein_coding	SH3BGRL	CRR127517	Vero_cell
ENSCSAT00000012783.1	ENSCSAG00000014749.1	cdna	protein_coding	SEMA6A	VeroInf24h	Vero_cell
ENSCSAT00000002266.1	ENSCSAG00000004241.1	cdna	protein_coding	COX7A1	VeroInf24h	Vero_cell
ENSCSAT00000002014.1	ENSCSAG00000003982.1	cdna	protein_coding	AIMP1	CRR197323	Vero_cell
ENSCSAT00000017103.1	ENSCSAG00000001430.1	cdna	protein_coding	ZNHIT6	CRR127517	Vero_cell
ENSCSAT00000012689.1	ENSCSAG00000014597.1	cdna	protein_coding	RPS20	VeroInf24h	Vero_cell
ENSCSAT00000003463.1	ENSCSAG00000005436.1	cdna	protein_coding		VeroInf24h	Vero_cell
ENSCSAT00000003320.1	ENSCSAG00000005298.1	cdna	protein_coding	HIPK3	CRR197323	Vero_cell
ENSCSAT00000011728.1	ENSCSAG00000013633.1	cdna	protein_coding	HSPA5	CRR197323	Vero_cell
ENSCSAT00000007778.1	ENSCSAG00000009694.1	cdna	protein_coding	BMPR1A	CRR127516	Vero_cell
ENSCSAT00000014663.1	ENSCSAG00000016569.1	cdna	protein_coding	ARHGAP18	VeroInf24h	Vero_cell
ENSCSAT00000004906.1	ENSCSAG00000006861.1	cdna	protein_coding		CRR127516	Vero_cell
ENSCSAT00000000002.1	ENSCSAG00000000002.1	ncrna	Mt_rRNA	NA	VeroInf24h	Vero_cell
ENSCSAT00000000551.1	ENSCSAG00000002534.1	cdna	protein_coding	RPS11	CRR127516	Vero_cell
ENSCSAT00000015722.1	ENSCSAG00000017628.1	cdna	protein_coding	COLEC12	CRR197322	Vero_cell
ENSCSAT00000007369.1	ENSCSAG00000009299.1	cdna	protein_coding	RPS24	VeroInf24h	Vero_cell
ENSCSAT00000000035.1	ENSCSAG00000000035.1	cdna	protein_coding	CYTB	VeroInf24h	Vero_cell
ENSCSAT00000002884.1	ENSCSAG00000004846.1	cdna	protein_coding		CRR197323	Vero_cell
ENSCSAT00000009903.1	ENSCSAG00000011814.1	cdna	protein_coding	CSNK1A1	CRR197323	Vero_cell
ENSCSAT00000001408.1	ENSCSAG00000003383.1	cdna	protein_coding	RPL27	CRR127516	Vero_cell
ENSCSAT00000017330.1	ENSCSAG00000001203.1	cdna	protein_coding	RPS8	VeroInf24h	Vero_cell
ENSCSAT00000015714.1	ENSCSAG00000017623.1	cdna	protein_coding	BORA	VeroInf24h	Vero_cell
ENSCSAT00000010973.1	ENSCSAG00000012883.1	cdna	protein_coding	PLP2	VeroInf24h	Vero_cell
ENSCSAT00000000551.1	ENSCSAG00000002534.1	cdna	protein_coding	RPS11	VeroInf24h	Vero_cell
ENSCSAT00000000551.1	ENSCSAG00000002534.1	cdna	protein_coding	RPS11	CRR197322	Vero_cell
ENSCSAT00000016099.1	ENSCSAG00000018000.1	cdna	protein_coding	NUP58	CRR197323	Vero_cell
ENSCSAT00000013987.1	ENSCSAG00000015890.1	cdna	protein_coding	SUCLG1	CRR197323	Vero_cell
ENSCSAT00000015868.1	ENSCSAG00000017773.1	cdna	protein_coding	TPT1	CRR197322	Vero_cell
ENSCSAT00000009556.1	ENSCSAG00000011468.1	cdna	protein_coding	EIF4A1	VeroInf24h	Vero_cell
ENSCSAT00000007678.1	ENSCSAG00000009591.1	cdna	protein_coding	DUSP1	VeroInf24h	Vero_cell
ENSCSAT00000016112.1	ENSCSAG00000018011.1	cdna	protein_coding	SERPINE1	VeroInf24h	Vero_cell
ENSCSAT00000012871.1	ENSCSAG00000014775.1	cdna	protein_coding		CRR197323	Vero_cell
ENSCSAT00000011118.1	ENSCSAG00000013024.1	cdna	protein_coding	RMDN1	VeroInf24h	Vero_cell
ENSCSAT00000005866.1	ENSCSAG00000007877.1	cdna	protein_coding	HKDC1	CRR197323	Vero_cell
ENSCSAT00000016602.1	ENSCSAG00000001927.1	cdna	protein_coding	ZNF813	CRR197322	Vero_cell
ENSCSAT00000010164.1	ENSCSAG00000012077.1	cdna	protein_coding	CCNL1	VeroInf24h	Vero_cell
ENSCSAT00000008992.1	ENSCSAG00000010902.1	cdna	protein_coding	CAPZA2	CRR197323	Vero_cell
ENSCSAT00000012538.1	ENSCSAG00000014447.1	cdna	protein_coding	ACTR10	CRR127517	Vero_cell
ENSCSAT00000009903.1	ENSCSAG00000011814.1	cdna	protein_coding	CSNK1A1	CRR197323	Vero_cell
ENSCSAT00000014387.1	ENSCSAG00000016289.1	cdna	protein_coding	TNFRSF10B	CRR197323	Vero_cell
ENSCSAT00000010058.1	ENSCSAG00000011969.1	cdna	protein_coding		VeroInf24h	Vero_cell
ENSCSAT00000000790.1	ENSCSAG00000002775.1	cdna	protein_coding	FTL	VeroInf24h	Vero_cell
ENSCSAT00000011728.1	ENSCSAG00000013633.1	cdna	protein_coding	HSPA5	VeroInf24h	Vero_cell
ENSCSAT00000013367.1	ENSCSAG00000015276.1	cdna	protein_coding	RPS29	CRR197323	Vero_cell
ENSCSAT00000012440.1	ENSCSAG00000014348.1	cdna	protein_coding	TAX1BP1	VeroInf24h	Vero_cell
ENSCSAT00000010227.1	ENSCSAG00000012136.1	cdna	protein_coding	FOS	VeroInf24h	Vero_cell
ENSCSAT00000001524.1	ENSCSAG00000003496.1	cdna	protein_coding	IL15	CRR127516	Vero_cell
ENSCSAT00000012714.1	ENSCSAG00000014618.1	cdna	protein_coding	NUAK2	CRR197323	Vero_cell
ENSCSAT00000013661.1	ENSCSAG00000015614.1	cdna	protein_coding	IFIH1	VeroInf24h	Vero_cell
ENSCSAT00000015808.1	ENSCSAG00000017712.1	cdna	protein_coding	RAC1	VeroInf24h	Vero_cell
ENSCSAT00000013511.1	ENSCSAG00000015418.1	cdna	protein_coding	CASS4	VeroInf24h	Vero_cell
ENSCSAT00000011198.1	ENSCSAG00000013103.1	cdna	protein_coding		CRR127516	Vero_cell
ENSCSAT00000000676.1	ENSCSAG00000002658.1	cdna	protein_coding		CRR127517	Vero_cell
ENSCSAT00000007678.1	ENSCSAG00000009591.1	cdna	protein_coding	DUSP1	CRR127517	Vero_cell
ENSCSAT00000011728.1	ENSCSAG00000013633.1	cdna	protein_coding	HSPA5	CRR127517	Vero_cell
ENSCSAT00000000676.1	ENSCSAG00000002658.1	cdna	protein_coding		VeroInf24h	Vero_cell
ENSCSAT00000012233.1	ENSCSAG00000014143.1	cdna	protein_coding	RPS27A	CRR127517	Vero_cell
ENSCSAT00000012334.1	ENSCSAG00000014247.1	cdna	protein_coding	MRM3	CRR127516	Vero_cell
ENSCSAT00000015002.1	ENSCSAG00000016907.1	cdna	protein_coding	RPL14	CRR127516	Vero_cell
ENSCSAT00000010985.1	ENSCSAG00000012894.1	cdna	protein_coding	NLGN1	CRR197323	Vero_cell
ENSCSAT00000011462.1	ENSCSAG00000013370.1	cdna	protein_coding	RGS2	VeroInf24h	Vero_cell
ENSCSAT00000008902.1	ENSCSAG00000010810.1	cdna	protein_coding	AMOTL2	CRR127516	Vero_cell
ENSCSAT00000015614.1	ENSCSAG00000017519.1	cdna	protein_coding	IPO5	VeroInf24h	Vero_cell
ENSCSAT00000006850.1	ENSCSAG00000008788.1	cdna	protein_coding	PPP3CB	VeroInf24h	Vero_cell
ENSCSAT00000002885.1	ENSCSAG00000004855.1	cdna	protein_coding		VeroInf24h	Vero_cell
ENSCSAT00000011482.1	ENSCSAG00000013395.1	cdna	protein_coding	USP6NL	VeroInf24h	Vero_cell
ENSCSAT00000010201.1	ENSCSAG00000012113.1	cdna	protein_coding		CRR197323	Vero_cell
ENSCSAT00000009817.1	ENSCSAG00000011726.1	cdna	protein_coding	PRDX6	VeroInf24h	Vero_cell
ENSCSAT00000012806.1	ENSCSAG00000014710.1	cdna	protein_coding	PELI1	CRR197323	Vero_cell
ENSCSAT00000002654.1	ENSCSAG00000004626.1	cdna	protein_coding	MARCHF9	VeroInf24h	Vero_cell
ENSCSAT00000013367.1	ENSCSAG00000015276.1	cdna	protein_coding	RPS29	CRR127516	Vero_cell
ENSCSAT00000000002.1	ENSCSAG00000000002.1	ncrna	Mt_rRNA	NA	VeroInf24h	Vero_cell
ENSCSAT00000018249.1	ENSCSAG00000000286.1	cdna	protein_coding		VeroInf24h	Vero_cell
ENSCSAT00000002176.1	ENSCSAG00000004146.1	cdna	protein_coding	CYB5B	CRR127516	Vero_cell
ENSCSAT00000000790.1	ENSCSAG00000002775.1	cdna	protein_coding	FTL	VeroInf24h	Vero_cell
ENSCSAT00000015010.1	ENSCSAG00000016916.1	cdna	protein_coding	EIF1B	CRR197323	Vero_cell
ENSCSAT00000008330.1	ENSCSAG00000010247.1	cdna	protein_coding	NDUFS1	CRR197323	Vero_cell
ENSCSAT00000012458.1	ENSCSAG00000014364.1	cdna	protein_coding	SDC4	ERR4808851	Vero_cell
ENSCSAT00000012579.1	ENSCSAG00000014488.1	cdna	protein_coding	COX7A2	ERR4808851	Vero_cell
ENSCSAT00000016773.1	ENSCSAG00000001757.1	cdna	protein_coding	PDZK1	ERR4808851	Vero_cell
ENSCSAT00000008955.1	ENSCSAG00000010865.1	cdna	protein_coding	EEF2	ERR4808851	Vero_cell
ENSCSAT00000012233.1	ENSCSAG00000014143.1	cdna	protein_coding	RPS27A	ERR4808851	Vero_cell
ENSCSAT00000004368.1	ENSCSAG00000006330.1	cdna	protein_coding	ATF4	ERR4808851	Vero_cell
ENSCSAT00000002885.1	ENSCSAG00000004855.1	cdna	protein_coding		ERR4808851	Vero_cell
ENSCSAT00000013732.1	ENSCSAG00000015636.1	cdna	protein_coding	DDX56	ERR4808851	Vero_cell
ENSCSAT00000000002.1	ENSCSAG00000000002.1	ncrna	Mt_rRNA	NA	ERR4808851	Vero_cell
ENSCSAT00000017330.1	ENSCSAG00000001203.1	cdna	protein_coding	RPS8	ERR4808851	Vero_cell
ENSCSAT00000007678.1	ENSCSAG00000009591.1	cdna	protein_coding	DUSP1	ERR4808851	Vero_cell
ENSCSAT00000012495.1	ENSCSAG00000014398.1	cdna	protein_coding	SAT1	ERR4808851	Vero_cell
ENSCSAT00000001172.1	ENSCSAG00000003144.1	cdna	protein_coding	COX4I1	ERR4808851	Vero_cell
ENSCSAT00000013574.1	ENSCSAG00000015484.1	cdna	protein_coding	MBIP	ERR4808851	Vero_cell
ENSCSAT00000007678.1	ENSCSAG00000009591.1	cdna	protein_coding	DUSP1	ERR4808851	Vero_cell
ENSCSAT00000014460.1	ENSCSAG00000016366.1	cdna	protein_coding	ITPKB	ERR4808851	Vero_cell
ENSCSAT00000006632.1	ENSCSAG00000008577.1	cdna	protein_coding	MICU1	ERR4808851	Vero_cell
ENSCSAT00000003903.1	ENSCSAG00000005869.1	cdna	protein_coding	CLTC	ERR4808851	Vero_cell
ENSCSAT00000009563.1	ENSCSAG00000011487.1	cdna	protein_coding	RPL7L1	ERR4808851	Vero_cell
ENSCSAT00000001743.1	ENSCSAG00000003714.1	cdna	protein_coding	ANXA5	ERR4808851	Vero_cell
ENSCSAT00000005711.1	ENSCSAG00000007657.1	cdna	protein_coding	FAU	ERR4808851	Vero_cell
ENSCSAT00000002885.1	ENSCSAG00000004855.1	cdna	protein_coding		ERR4808851	Vero_cell
ENSCSAT00000008063.1	ENSCSAG00000009971.1	cdna	protein_coding	NFX1	ERR4808851	Vero_cell
ENSCSAT00000005748.1	ENSCSAG00000007698.1	cdna	protein_coding	USP22	ERR4808851	Vero_cell
ENSCSAT00000014101.1	ENSCSAG00000016013.1	cdna	protein_coding	RPS21	ERR4808851	Vero_cell
ENSCSAT00000000697.1	ENSCSAG00000002677.1	cdna	protein_coding		CRR127516	Vero_cell
ENSCSAT00000002760.1	ENSCSAG00000004729.1	cdna	protein_coding	MRPS7	VeroInf24h	Vero_cell
ENSCSAT00000014988.1	ENSCSAG00000016893.1	cdna	protein_coding	CTNNB1	VeroInf24h	Vero_cell
ENSCSAT00000005992.1	ENSCSAG00000007941.1	cdna	protein_coding		VeroInf24h	Vero_cell
ENSCSAT00000010807.1	ENSCSAG00000012716.1	cdna	protein_coding	RPL22L1	CRR197323	Vero_cell
ENSCSAT00000002797.1	ENSCSAG00000004784.1	cdna	protein_coding	PIK3C2A	VeroInf24h	Vero_cell
ENSCSAT00000006002.1	ENSCSAG00000007955.1	cdna	protein_coding		SRR11267570	Vero_cell
ENSCSAT00000015868.1	ENSCSAG00000017773.1	cdna	protein_coding	TPT1	SRR11267570	Vero_cell
ENSCSAT00000006330.1	ENSCSAG00000008279.1	cdna	protein_coding	TUBB	SRR11267570	Vero_cell
ENSCSAT00000016112.1	ENSCSAG00000018011.1	cdna	protein_coding	SERPINE1	SRR11267570	Vero_cell
ENSCSAT00000006068.1	ENSCSAG00000008017.1	cdna	protein_coding	RACK1	SRR11267570	Vero_cell
ENSCSAT00000000551.1	ENSCSAG00000002534.1	cdna	protein_coding	RPS11	SRR11267570	Vero_cell
ENSCSAT00000006002.1	ENSCSAG00000007955.1	cdna	protein_coding		SRR11350376	Vero_cell
ENSCSAT00000015868.1	ENSCSAG00000017773.1	cdna	protein_coding	TPT1	SRR11350376	Vero_cell
ENSCSAT00000006330.1	ENSCSAG00000008279.1	cdna	protein_coding	TUBB	SRR11350376	Vero_cell
ENSCSAT00000016112.1	ENSCSAG00000018011.1	cdna	protein_coding	SERPINE1	SRR11350376	Vero_cell
ENSCSAT00000006068.1	ENSCSAG00000008017.1	cdna	protein_coding	RACK1	SRR11350376	Vero_cell
ENSCSAT00000000551.1	ENSCSAG00000002534.1	cdna	protein_coding	RPS11	SRR11350376	Vero_cell
ENSCSAT00000015702.1	ENSCSAG00000017608.1	cdna	protein_coding	SMCHD1	SRR13089342	Vero_cell
ENSCSAT00000011097.1	ENSCSAG00000013008.1	cdna	protein_coding	SEM1	SRR13089342	Vero_cell
ENSCSAT00000000551.1	ENSCSAG00000002534.1	cdna	protein_coding	RPS11	SRR13089342	Vero_cell
ENSCSAT00000009441.1	ENSCSAG00000011355.1	cdna	pseudogene		SRR13089342	Vero_cell
ENSCSAT00000007637.1	ENSCSAG00000009548.1	cdna	protein_coding	ATP6V0E1	SRR13089342	Vero_cell
ENSCSAT00000006206.1	ENSCSAG00000008155.1	cdna	protein_coding	ELAVL1	SRR13089342	Vero_cell
ENSCSAT00000009920.1	ENSCSAG00000011832.1	cdna	protein_coding	PSMB1	SRR13089342	Vero_cell
ENSCSAT00000008840.1	ENSCSAG00000010754.1	cdna	protein_coding	MGST3	SRR13089342	Vero_cell
ENSCSAT00000012768.1	ENSCSAG00000014671.1	cdna	protein_coding	MRPL15	SRR13089342	Vero_cell
ENSCSAT00000005990.1	ENSCSAG00000007940.1	cdna	protein_coding		SRR13089342	Vero_cell
ENSCSAT00000010201.1	ENSCSAG00000012113.1	cdna	protein_coding		SRR13089342	Vero_cell
ENSCSAT00000003546.1	ENSCSAG00000005514.1	cdna	protein_coding	NME2	SRR13089342	Vero_cell
ENSCSAT00000003395.1	ENSCSAG00000005364.1	cdna	protein_coding	GDF15	SRR13089342	Vero_cell
ENSCSAT00000009061.1	ENSCSAG00000010967.1	cdna	protein_coding	IFI27L2	SRR13089342	Vero_cell
ENSCSAT00000017866.1	ENSCSAG00000000669.1	cdna	protein_coding	ISG15	SRR13089342	Vero_cell
ENSCSAT00000002885.1	ENSCSAG00000004855.1	cdna	protein_coding		SRR13089342	Vero_cell
ENSCSAT00000016951.1	ENSCSAG00000001580.1	cdna	protein_coding	RAP1A	SRR13089342	Vero_cell
ENSCSAT00000002263.1	ENSCSAG00000004235.1	cdna	protein_coding	ZNF565	SRR13089342	Vero_cell
ENSCSAT00000006479.1	ENSCSAG00000008426.1	cdna	protein_coding		SRR13089342	Vero_cell
ENSCSAT00000016869.1	ENSCSAG00000001661.1	cdna	pseudogene		SRR13089342	Vero_cell
ENSCSAT00000010225.1	ENSCSAG00000012138.1	cdna	protein_coding	EIF2S2	SRR13089342	Vero_cell
ENSCSAT00000007475.1	ENSCSAG00000009408.1	cdna	protein_coding		SRR13089342	Vero_cell
ENSCSAT00000011768.1	ENSCSAG00000013668.1	cdna	protein_coding	MAPK1	SRR13089342	Vero_cell
ENSCSAT00000006318.1	ENSCSAG00000008265.1	cdna	protein_coding	ZFAND5	SRR13089342	Vero_cell
ENSCSAT00000009654.1	ENSCSAG00000011568.1	cdna	protein_coding	EIF2A	SRR13089342	Vero_cell
ENSCSAT00000000283.1	ENSCSAG00000002263.1	cdna	protein_coding		SRR13089342	Vero_cell
ENSCSAT00000016459.1	ENSCSAG00000018360.1	cdna	protein_coding	PGRMC1	SRR13089342	Vero_cell
ENSCSAT00000004018.1	ENSCSAG00000005981.1	cdna	protein_coding	PPM1D	SRR13089342	Vero_cell
ENSCSAT00000001408.1	ENSCSAG00000003383.1	cdna	protein_coding	RPL27	SRR13089342	Vero_cell
ENSCSAT00000016151.1	ENSCSAG00000018054.1	cdna	protein_coding	ACAA2	SRR13089342	Vero_cell
ENSCSAT00000008610.1	ENSCSAG00000010531.1	cdna	protein_coding		SRR13089342	Vero_cell
ENSCSAT00000001003.1	ENSCSAG00000002978.1	cdna	protein_coding	WASHC4	SRR13089342	Vero_cell
ENSCSAT00000007100.1	ENSCSAG00000009036.1	cdna	protein_coding	HS3ST3A1	SRR13089342	Vero_cell
ENSCSAT00000007637.1	ENSCSAG00000009548.1	cdna	protein_coding	ATP6V0E1	SRR13089342	Vero_cell
ENSCSAT00000010485.1	ENSCSAG00000012405.1	cdna	protein_coding	SDC2	SRR13089342	Vero_cell
ENSCSAT00000012900.1	ENSCSAG00000014810.1	cdna	protein_coding		SRR13089342	Vero_cell
ENSCSAT00000013085.1	ENSCSAG00000014990.1	cdna	protein_coding	GORASP2	SRR13089342	Vero_cell
ENSCSAT00000010295.1	ENSCSAG00000012201.1	cdna	protein_coding	GLS	SRR13089342	Vero_cell
ENSCSAT00000017604.1	ENSCSAG00000000929.1	cdna	protein_coding	RPL11	SRR13089342	Vero_cell
ENSCSAT00000002495.1	ENSCSAG00000004461.1	cdna	protein_coding	HNRNPDL	SRR13089342	Vero_cell
ENSCSAT00000007369.1	ENSCSAG00000009299.1	cdna	protein_coding	RPS24	SRR13089342	Vero_cell
ENSCSAT00000008533.1	ENSCSAG00000010445.1	cdna	protein_coding	RPL26	SRR13089342	Vero_cell
ENSCSAT00000001735.1	ENSCSAG00000003710.1	cdna	protein_coding	DDIAS	SRR13089342	Vero_cell
ENSCSAT00000007548.1	ENSCSAG00000009470.1	cdna	protein_coding	SF3A1	SRR13089342	Vero_cell
ENSCSAT00000001408.1	ENSCSAG00000003383.1	cdna	protein_coding	RPL27	SRR13089342	Vero_cell
ENSCSAT00000001565.1	ENSCSAG00000003535.1	cdna	protein_coding	SLC25A3	SRR13089342	Vero_cell
ENSCSAT00000014245.1	ENSCSAG00000016152.1	cdna	protein_coding	PLK2	SRR13089342	Vero_cell
ENSCSAT00000006687.1	ENSCSAG00000008628.1	cdna	protein_coding	RAB7A	SRR13089342	Vero_cell
ENSCSAT00000012358.1	ENSCSAG00000014264.1	cdna	protein_coding	MICAL3	SRR13089342	Vero_cell
ENSCSAT00000003846.1	ENSCSAG00000005812.1	cdna	protein_coding	AGBL2	SRR13089342	Vero_cell
ENSCSAT00000017236.1	ENSCSAG00000001297.1	cdna	protein_coding	LRRC42	SRR13089342	Vero_cell
ENSCSAT00000017330.1	ENSCSAG00000001203.1	cdna	protein_coding	RPS8	SRR13089342	Vero_cell
ENSCSAT00000011418.1	ENSCSAG00000013324.1	cdna	protein_coding	EIF2S1	SRR13089342	Vero_cell
ENSCSAT00000010201.1	ENSCSAG00000012113.1	cdna	protein_coding		SRR13089342	Vero_cell
ENSCSAT00000008926.1	ENSCSAG00000010840.1	cdna	protein_coding	SNRPB	SRR13089342	Vero_cell
ENSCSAT00000018249.1	ENSCSAG00000000286.1	cdna	protein_coding		SRR13089342	Vero_cell
ENSCSAT00000010148.1	ENSCSAG00000012060.1	cdna	protein_coding	TIPARP	SRR13089342	Vero_cell
ENSCSAT00000002495.1	ENSCSAG00000004461.1	cdna	protein_coding	HNRNPDL	SRR13089342	Vero_cell
ENSCSAT00000003705.1	ENSCSAG00000005675.1	cdna	protein_coding	AMBRA1	SRR13089344	Vero_cell
ENSCSAT00000003463.1	ENSCSAG00000005436.1	cdna	protein_coding		SRR13089344	Vero_cell
ENSCSAT00000007678.1	ENSCSAG00000009591.1	cdna	protein_coding	DUSP1	SRR13089344	Vero_cell
ENSCSAT00000007694.1	ENSCSAG00000009613.1	cdna	protein_coding	B2M	SRR13089344	Vero_cell
ENSCSAT00000012183.1	ENSCSAG00000014089.1	cdna	protein_coding		SRR13089344	Vero_cell
ENSCSAT00000013904.1	ENSCSAG00000015807.1	cdna	protein_coding	HK2	SRR13089344	Vero_cell
ENSCSAT00000006687.1	ENSCSAG00000008628.1	cdna	protein_coding	RAB7A	SRR13089344	Vero_cell
ENSCSAT00000008610.1	ENSCSAG00000010531.1	cdna	protein_coding		SRR13089344	Vero_cell
ENSCSAT00000005336.1	ENSCSAG00000007295.1	cdna	protein_coding	LGALS1	SRR13089344	Vero_cell
ENSCSAT00000014594.1	ENSCSAG00000016497.1	cdna	protein_coding	SUPT16H	SRR13089344	Vero_cell
ENSCSAT00000011728.1	ENSCSAG00000013633.1	cdna	protein_coding	HSPA5	SRR13089344	Vero_cell
ENSCSAT00000002885.1	ENSCSAG00000004855.1	cdna	protein_coding		SRR13089344	Vero_cell
ENSCSAT00000012423.1	ENSCSAG00000014331.1	cdna	protein_coding	DAAM1	SRR13089344	Vero_cell
ENSCSAT00000001968.1	ENSCSAG00000003935.1	cdna	protein_coding	MCUB	SRR13089344	Vero_cell
ENSCSAT00000016523.1	ENSCSAG00000002004.1	cdna	protein_coding	MTX1	SRR13089344	Vero_cell
ENSCSAT00000017847.1	ENSCSAG00000000688.1	cdna	protein_coding		SRR13089344	Vero_cell
ENSCSAT00000018817.1	ENSCSAG00000018727.1	cdna	protein_coding		SRR13089344	Vero_cell
ENSCSAT00000003846.1	ENSCSAG00000005812.1	cdna	protein_coding	AGBL2	SRR13089344	Vero_cell
ENSCSAT00000013173.1	ENSCSAG00000015079.1	cdna	protein_coding	GPX1	SRR13089344	Vero_cell
ENSCSAT00000011706.1	ENSCSAG00000013638.1	cdna	protein_coding	RPLP1	SRR13089344	Vero_cell
ENSCSAT00000006570.1	ENSCSAG00000008605.1	cdna	protein_coding	ZC3HAV1	SRR13089344	Vero_cell
ENSCSAT00000000790.1	ENSCSAG00000002775.1	cdna	protein_coding	FTL	SRR13089344	Vero_cell
ENSCSAT00000012246.1	ENSCSAG00000014153.1	cdna	protein_coding	MTIF2	SRR13089344	Vero_cell
ENSCSAT00000001461.1	ENSCSAG00000003431.1	cdna	protein_coding	TAF1D	SRR13089344	Vero_cell
ENSCSAT00000013180.1	ENSCSAG00000015086.1	cdna	protein_coding	FRMD6	SRR13089344	Vero_cell
ENSCSAT00000000697.1	ENSCSAG00000002677.1	cdna	protein_coding		SRR13089344	Vero_cell
ENSCSAT00000016727.1	ENSCSAG00000001802.1	cdna	protein_coding	PSMB4	SRR13089344	Vero_cell
ENSCSAT00000013613.1	ENSCSAG00000015518.1	cdna	protein_coding	BOLA3	SRR13089344	Vero_cell
ENSCSAT00000006508.1	ENSCSAG00000008454.1	cdna	protein_coding	ETS2	SRR13089344	Vero_cell
ENSCSAT00000001109.1	ENSCSAG00000003080.1	cdna	protein_coding	CASP4	SRR13089344	Vero_cell
ENSCSAT00000017084.1	ENSCSAG00000001449.1	cdna	protein_coding		SRR13089344	Vero_cell
ENSCSAT00000005683.1	ENSCSAG00000007634.1	cdna	protein_coding	KIF13A	SRR13089344	Vero_cell
ENSCSAT00000007075.1	ENSCSAG00000009016.1	cdna	protein_coding	NAPRT	SRR13089344	Vero_cell
ENSCSAT00000003815.1	ENSCSAG00000005784.1	cdna	protein_coding	XRCC6	SRR13089344	Vero_cell
ENSCSAT00000011462.1	ENSCSAG00000013370.1	cdna	protein_coding	RGS2	SRR13089344	Vero_cell
ENSCSAT00000011726.1	ENSCSAG00000013631.1	cdna	protein_coding	PPP2CA	SRR13089344	Vero_cell
ENSCSAT00000008188.1	ENSCSAG00000010103.1	cdna	protein_coding	CYRIB	SRR13089344	Vero_cell
ENSCSAT00000019107.1	ENSCSAG00000019017.1	cdna	protein_coding		SRR13089344	Vero_cell
ENSCSAT00000001861.1	ENSCSAG00000003832.1	cdna	protein_coding	RPS16	SRR13089344	Vero_cell
ENSCSAT00000010063.1	ENSCSAG00000011976.1	cdna	protein_coding	MBD3	SRR13089344	Vero_cell
ENSCSAT00000004995.1	ENSCSAG00000006946.1	cdna	protein_coding	RPS7	SRR13089344	Vero_cell
ENSCSAT00000001824.1	ENSCSAG00000003796.1	cdna	protein_coding	CEP290	SRR13089344	Vero_cell
ENSCSAT00000004368.1	ENSCSAG00000006330.1	cdna	protein_coding	ATF4	SRR13089344	Vero_cell
ENSCSAT00000009681.1	ENSCSAG00000011595.1	cdna	protein_coding	MITF	SRR13089344	Vero_cell
ENSCSAT00000004995.1	ENSCSAG00000006946.1	cdna	protein_coding	RPS7	SRR13089344	Vero_cell
ENSCSAT00000007678.1	ENSCSAG00000009591.1	cdna	protein_coding	DUSP1	SRR13089344	Vero_cell
ENSCSAT00000001912.1	ENSCSAG00000003883.1	cdna	protein_coding	IFNL1	SRR13089344	Vero_cell
ENSCSAT00000017881.1	ENSCSAG00000000654.1	cdna	protein_coding		SRR13089344	Vero_cell
ENSCSAT00000001567.1	ENSCSAG00000003541.1	cdna	protein_coding	TMPO	SRR13089344	Vero_cell
ENSCSAT00000010201.1	ENSCSAG00000012113.1	cdna	protein_coding		SRR13089344	Vero_cell
ENSCSAT00000013572.1	ENSCSAG00000015482.1	cdna	protein_coding	BAG4	SRR13089344	Vero_cell
ENSCSAT00000006068.1	ENSCSAG00000008017.1	cdna	protein_coding	RACK1	SRR13089344	Vero_cell
ENSCSAT00000016676.1	ENSCSAG00000001853.1	cdna	protein_coding	S100A4	SRR13089344	Vero_cell
ENSCSAT00000000551.1	ENSCSAG00000002534.1	cdna	protein_coding	RPS11	SRR13089344	Vero_cell
ENSCSAT00000007756.1	ENSCSAG00000009672.1	cdna	protein_coding	IP6K3	SRR13089344	Vero_cell
ENSCSAT00000006748.1	ENSCSAG00000008684.1	cdna	protein_coding	GSTP1	SRR13089344	Vero_cell
ENSCSAT00000012439.1	ENSCSAG00000014346.1	cdna	protein_coding	COX5A	SRR13089344	Vero_cell
ENSCSAT00000001807.1	ENSCSAG00000003779.1	cdna	protein_coding	KANSL1	SRR13089344	Vero_cell
ENSCSAT00000000581.1	ENSCSAG00000002562.1	cdna	protein_coding	CDK5RAP3	SRR13089344	Vero_cell
ENSCSAT00000007369.1	ENSCSAG00000009299.1	cdna	protein_coding	RPS24	SRR13089344	Vero_cell
ENSCSAT00000000517.1	ENSCSAG00000002499.1	cdna	protein_coding	NOSIP	SRR13089344	Vero_cell
ENSCSAT00000011687.1	ENSCSAG00000013590.1	cdna	protein_coding	RPL7	SRR13089344	Vero_cell
ENSCSAT00000011273.1	ENSCSAG00000013210.1	cdna	protein_coding	OPTN	SRR13089344	Vero_cell
ENSCSAT00000012268.1	ENSCSAG00000014172.1	cdna	protein_coding	CFAP36	SRR13089344	Vero_cell
ENSCSAT00000007171.1	ENSCSAG00000009105.1	cdna	protein_coding	VDAC2	SRR13089344	Vero_cell
ENSCSAT00000008341.1	ENSCSAG00000010252.1	cdna	protein_coding	SLC4A1AP	SRR13089344	Vero_cell
ENSCSAT00000002164.1	ENSCSAG00000004152.1	cdna	protein_coding	HELZ	SRR13089344	Vero_cell
ENSCSAT00000015573.1	ENSCSAG00000017479.1	cdna	protein_coding		SRR13089344	Vero_cell
ENSCSAT00000002939.1	ENSCSAG00000004925.1	cdna	protein_coding	MRPL38	SRR13089344	Vero_cell
ENSCSAT00000000697.1	ENSCSAG00000002677.1	cdna	protein_coding		SRR13089344	Vero_cell
ENSCSAT00000009584.1	ENSCSAG00000011494.1	cdna	protein_coding	TM4SF1	SRR13089344	Vero_cell
ENSCSAT00000008861.1	ENSCSAG00000010773.1	cdna	protein_coding	TSPAN12	SRR13089344	Vero_cell
ENSCSAT00000005336.1	ENSCSAG00000007295.1	cdna	protein_coding	LGALS1	SRR13089344	Vero_cell
ENSCSAT00000013393.1	ENSCSAG00000015299.1	cdna	protein_coding		SRR13089344	Vero_cell
ENSCSAT00000018928.1	ENSCSAG00000018838.1	cdna	protein_coding	JUNB	SRR13089344	Vero_cell
ENSCSAT00000010689.1	ENSCSAG00000012601.1	cdna	protein_coding	SOD2	SRR13089344	Vero_cell
ENSCSAT00000004807.1	ENSCSAG00000006760.1	cdna	protein_coding	EMD	SRR13089344	Vero_cell
ENSCSAT00000017653.1	ENSCSAG00000000880.1	cdna	protein_coding	CAPZB	SRR13089344	Vero_cell
ENSCSAT00000001055.1	ENSCSAG00000003026.1	cdna	protein_coding	FKBP10	SRR13089344	Vero_cell
ENSCSAT00000017774.1	ENSCSAG00000000760.1	cdna	protein_coding	ENO1	SRR13089344	Vero_cell
ENSCSAT00000012233.1	ENSCSAG00000014143.1	cdna	protein_coding	RPS27A	SRR13089344	Vero_cell
ENSCSAT00000002061.1	ENSCSAG00000004032.1	cdna	protein_coding	SMURF2	SRR13089344	Vero_cell
ENSCSAT00000012689.1	ENSCSAG00000014597.1	cdna	protein_coding	RPS20	SRR13089344	Vero_cell
ENSCSAT00000017000.1	ENSCSAG00000001533.1	cdna	protein_coding	STXBP3	SRR13089344	Vero_cell
ENSCSAT00000008033.1	ENSCSAG00000009949.1	cdna	protein_coding	SAFB	SRR13089344	Vero_cell
ENSCSAT00000002164.1	ENSCSAG00000004152.1	cdna	protein_coding	HELZ	SRR13089344	Vero_cell
ENSCSAT00000014016.1	ENSCSAG00000015920.1	cdna	protein_coding	ERBIN	SRR13089344	Vero_cell
ENSCSAT00000002536.1	ENSCSAG00000004505.1	cdna	protein_coding	RXYLT1	SRR13089344	Vero_cell
ENSCSAT00000006050.1	ENSCSAG00000007995.1	cdna	protein_coding	OSBPL11	SRR13089344	Vero_cell
ENSCSAT00000015750.1	ENSCSAG00000017655.1	cdna	protein_coding	WIPI2	SRR13089344	Vero_cell
ENSCSAT00000009160.1	ENSCSAG00000011071.1	cdna	protein_coding	NME7	SRR13089344	Vero_cell
ENSCSAT00000004940.1	ENSCSAG00000006894.1	cdna	protein_coding		SRR13089344	Vero_cell
ENSCSAT00000013875.1	ENSCSAG00000015783.1	cdna	protein_coding	TNS3	SRR13089344	Vero_cell
ENSCSAT00000003527.1	ENSCSAG00000005490.1	cdna	protein_coding	PRR13	SRR13089344	Vero_cell
ENSCSAT00000008062.1	ENSCSAG00000009972.1	cdna	protein_coding	RPL10A	SRR13089344	Vero_cell
ENSCSAT00000017801.1	ENSCSAG00000000734.1	cdna	protein_coding		SRR13089344	Vero_cell
ENSCSAT00000008347.1	ENSCSAG00000010276.1	cdna	protein_coding	TNFRSF12A	SRR13089344	Vero_cell
ENSCSAT00000017330.1	ENSCSAG00000001203.1	cdna	protein_coding	RPS8	SRR13089344	Vero_cell
ENSCSAT00000013023.1	ENSCSAG00000014926.1	cdna	protein_coding	TTF1	SRR13089344	Vero_cell
ENSCSAT00000008168.1	ENSCSAG00000010083.1	cdna	protein_coding		SRR13089344	Vero_cell
ENSCSAT00000003174.1	ENSCSAG00000005139.1	cdna	protein_coding	AMFR	SRR13089344	Vero_cell
ENSCSAT00000000551.1	ENSCSAG00000002534.1	cdna	protein_coding	RPS11	SRR13089344	Vero_cell
ENSCSAT00000007369.1	ENSCSAG00000009299.1	cdna	protein_coding	RPS24	SRR13089344	Vero_cell
ENSCSAT00000017223.1	ENSCSAG00000001310.1	cdna	protein_coding	TTC4	SRR13089344	Vero_cell
ENSCSAT00000017330.1	ENSCSAG00000001203.1	cdna	protein_coding	RPS8	SRR13089344	Vero_cell
ENSCSAT00000013642.1	ENSCSAG00000015548.1	cdna	protein_coding	TMEM171	SRR13089344	Vero_cell
ENSCSAT00000010201.1	ENSCSAG00000012113.1	cdna	protein_coding		SRR13089344	Vero_cell
ENSCSAT00000002795.1	ENSCSAG00000004762.1	cdna	protein_coding	RPS13	SRR13089344	Vero_cell
ENSCSAT00000012233.1	ENSCSAG00000014143.1	cdna	protein_coding	RPS27A	SRR13089344	Vero_cell
ENSCSAT00000002451.1	ENSCSAG00000004422.1	cdna	protein_coding	RBM42	SRR13089344	Vero_cell
ENSCSAT00000017062.1	ENSCSAG00000001471.1	cdna	protein_coding		SRR13089344	Vero_cell
ENSCSAT00000018361.1	ENSCSAG00000000174.1	cdna	protein_coding		SRR13089344	Vero_cell
ENSCSAT00000017062.1	ENSCSAG00000001471.1	cdna	protein_coding		SRR13089344	Vero_cell
ENSCSAT00000006389.1	ENSCSAG00000008334.1	cdna	protein_coding	SQSTM1	SRR13089344	Vero_cell
ENSCSAT00000017801.1	ENSCSAG00000000734.1	cdna	protein_coding		SRR13089344	Vero_cell
ENSCSAT00000006206.1	ENSCSAG00000008155.1	cdna	protein_coding	ELAVL1	SRR13089344	Vero_cell
ENSCSAT00000016168.1	ENSCSAG00000018069.1	cdna	protein_coding	SLC25A6	SRR13089344	Vero_cell
ENSCSAT00000012653.1	ENSCSAG00000014562.1	cdna	protein_coding	EIF1AX	SRR13089344	Vero_cell
ENSCSAT00000007678.1	ENSCSAG00000009591.1	cdna	protein_coding	DUSP1	SRR13089344	Vero_cell
ENSCSAT00000006002.1	ENSCSAG00000007955.1	cdna	protein_coding		SRR13089344	Vero_cell
ENSCSAT00000017446.1	ENSCSAG00000001087.1	cdna	protein_coding	PSMB2	SRR13089344	Vero_cell
ENSCSAT00000001408.1	ENSCSAG00000003383.1	cdna	protein_coding	RPL27	SRR13089344	Vero_cell
ENSCSAT00000010201.1	ENSCSAG00000012113.1	cdna	protein_coding		SRR13089344	Vero_cell
ENSCSAT00000008947.1	ENSCSAG00000010924.1	cdna	protein_coding	CLK1	SRR13089344	Vero_cell
ENSCSAT00000003500.1	ENSCSAG00000005467.1	cdna	protein_coding		SRR13089344	Vero_cell
ENSCSAT00000011407.1	ENSCSAG00000013315.1	cdna	protein_coding	GNL3	SRR13089344	Vero_cell
ENSCSAT00000009985.1	ENSCSAG00000011895.1	cdna	protein_coding	CTDNEP1	SRR13089344	Vero_cell
ENSCSAT00000013875.1	ENSCSAG00000015783.1	cdna	protein_coding	TNS3	SRR13089344	Vero_cell
ENSCSAT00000004368.1	ENSCSAG00000006330.1	cdna	protein_coding	ATF4	SRR13089344	Vero_cell
ENSCSAT00000001408.1	ENSCSAG00000003383.1	cdna	protein_coding	RPL27	SRR13089344	Vero_cell
ENSCSAT00000011550.1	ENSCSAG00000013459.1	cdna	protein_coding	CHURC1	SRR13089344	Vero_cell
ENSCSAT00000005781.1	ENSCSAG00000007733.1	cdna	protein_coding	SERPINE2	SRR13089344	Vero_cell
ENSCSAT00000011725.1	ENSCSAG00000013627.1	cdna	protein_coding	DENND1B	SRR13089344	Vero_cell
ENSCSAT00000008032.1	ENSCSAG00000009947.1	cdna	protein_coding		SRR13089344	Vero_cell
ENSCSAT00000013332.1	ENSCSAG00000015235.1	cdna	protein_coding	NDUFAF3	SRR13089344	Vero_cell
ENSCSAT00000008635.1	ENSCSAG00000010551.1	cdna	protein_coding	RPLP2	SRR13089344	Vero_cell
ENSCSAT00000015433.1	ENSCSAG00000017339.1	cdna	protein_coding	NSUN2	SRR13089344	Vero_cell
ENSCSAT00000012810.1	ENSCSAG00000014715.1	cdna	protein_coding	RB1CC1	SRR13089344	Vero_cell
ENSCSAT00000014387.1	ENSCSAG00000016289.1	cdna	protein_coding	TNFRSF10B	SRR13089344	Vero_cell
ENSCSAT00000014152.1	ENSCSAG00000016057.1	cdna	protein_coding		SRR13089344	Vero_cell
ENSCSAT00000015528.1	ENSCSAG00000017433.1	cdna	protein_coding	DCUN1D2	SRR13089344	Vero_cell
ENSCSAT00000007369.1	ENSCSAG00000009299.1	cdna	protein_coding	RPS24	SRR13089344	Vero_cell
ENSCSAT00000012495.1	ENSCSAG00000014398.1	cdna	protein_coding	SAT1	SRR13089344	Vero_cell
ENSCSAT00000001408.1	ENSCSAG00000003383.1	cdna	protein_coding	RPL27	SRR13089344	Vero_cell
ENSCSAT00000004196.1	ENSCSAG00000006157.1	cdna	protein_coding	TUBA1B	SRR13089344	Vero_cell
ENSCSAT00000011149.1	ENSCSAG00000013052.1	cdna	protein_coding	MCM3	SRR13089344	Vero_cell
ENSCSAT00000000697.1	ENSCSAG00000002677.1	cdna	protein_coding		SRR13089344	Vero_cell
ENSCSAT00000000289.1	ENSCSAG00000002270.1	cdna	protein_coding	RPLP0	SRR13089344	Vero_cell
ENSCSAT00000006347.1	ENSCSAG00000008293.1	cdna	protein_coding	IER3	SRR13089344	Vero_cell
ENSCSAT00000012164.1	ENSCSAG00000014076.1	cdna	protein_coding	ELF3	SRR13089344	Vero_cell
ENSCSAT00000005243.1	ENSCSAG00000007192.1	cdna	protein_coding	ESRRA	SRR13089344	Vero_cell
ENSCSAT00000018249.1	ENSCSAG00000000286.1	cdna	protein_coding		SRR13089344	Vero_cell
ENSCSAT00000004082.1	ENSCSAG00000006045.1	cdna	protein_coding	ILKAP	SRR13089344	Vero_cell
ENSCSAT00000005859.1	ENSCSAG00000007809.1	cdna	protein_coding	GPC4	SRR13089344	Vero_cell
ENSCSAT00000017604.1	ENSCSAG00000000929.1	cdna	protein_coding	RPL11	SRR13089344	Vero_cell
ENSCSAT00000011297.1	ENSCSAG00000013205.1	cdna	protein_coding		SRR13089344	Vero_cell
ENSCSAT00000012098.1	ENSCSAG00000014000.1	cdna	protein_coding	HINT1	SRR13089344	Vero_cell
ENSCSAT00000000813.1	ENSCSAG00000002795.1	cdna	protein_coding	PPP1R15A	SRR13089344	Vero_cell
ENSCSAT00000008610.1	ENSCSAG00000010531.1	cdna	protein_coding		SRR13089344	Vero_cell
ENSCSAT00000003587.1	ENSCSAG00000005563.1	cdna	protein_coding	EXT2	SRR13089344	Vero_cell
ENSCSAT00000012734.1	ENSCSAG00000014640.1	cdna	protein_coding	CCT4	SRR13089344	Vero_cell
ENSCSAT00000007678.1	ENSCSAG00000009591.1	cdna	protein_coding	DUSP1	SRR13089344	Vero_cell
ENSCSAT00000000897.1	ENSCSAG00000002873.1	cdna	protein_coding	EMP3	SRR13089344	Vero_cell
ENSCSAT00000015040.1	ENSCSAG00000016944.1	cdna	protein_coding	TNFAIP3	SRR13089344	Vero_cell
ENSCSAT00000004598.1	ENSCSAG00000006562.1	cdna	protein_coding	PHLDB2	SRR13089344	Vero_cell
ENSCSAT00000006659.1	ENSCSAG00000008596.1	cdna	protein_coding	UBXN7	SRR13089344	Vero_cell
ENSCSAT00000009903.1	ENSCSAG00000011814.1	cdna	protein_coding	CSNK1A1	SRR13089344	Vero_cell
ENSCSAT00000013875.1	ENSCSAG00000015783.1	cdna	protein_coding	TNS3	SRR13089344	Vero_cell
ENSCSAT00000008926.1	ENSCSAG00000010840.1	cdna	protein_coding	SNRPB	SRR13089344	Vero_cell
ENSCSAT00000012980.1	ENSCSAG00000014892.1	cdna	protein_coding	RAPGEF1	SRR13089344	Vero_cell
ENSCSAT00000006068.1	ENSCSAG00000008017.1	cdna	protein_coding	RACK1	SRR13089344	Vero_cell
ENSCSAT00000011646.1	ENSCSAG00000013548.1	cdna	protein_coding	LMBRD1	SRR13089344	Vero_cell
ENSCSAT00000006269.1	ENSCSAG00000008214.1	cdna	protein_coding		SRR13089344	Vero_cell
ENSCSAT00000002885.1	ENSCSAG00000004855.1	cdna	protein_coding		SRR13089344	Vero_cell
ENSCSAT00000006269.1	ENSCSAG00000008214.1	cdna	protein_coding		SRR13089344	Vero_cell
ENSCSAT00000013875.1	ENSCSAG00000015783.1	cdna	protein_coding	TNS3	SRR13089344	Vero_cell
ENSCSAT00000004154.1	ENSCSAG00000006116.1	cdna	protein_coding	SYNRG	SRR13089344	Vero_cell
ENSCSAT00000004614.1	ENSCSAG00000006574.1	cdna	protein_coding	MARCHF5	SRR13089344	Vero_cell
ENSCSAT00000005497.1	ENSCSAG00000007445.1	cdna	protein_coding	LDAF1	SRR13089344	Vero_cell
ENSCSAT00000014474.1	ENSCSAG00000016383.1	cdna	protein_coding	RSPO3	SRR13089344	Vero_cell
ENSCSAT00000013367.1	ENSCSAG00000015276.1	cdna	protein_coding	RPS29	SRR13089344	Vero_cell
ENSCSAT00000012233.1	ENSCSAG00000014143.1	cdna	protein_coding	RPS27A	SRR13089344	Vero_cell
ENSCSAT00000014016.1	ENSCSAG00000015920.1	cdna	protein_coding	ERBIN	SRR13089344	Vero_cell
ENSCSAT00000006685.1	ENSCSAG00000008626.1	cdna	protein_coding	P4HA1	SRR13089344	Vero_cell
ENSCSAT00000004599.1	ENSCSAG00000006561.1	cdna	protein_coding	TNRC6A	SRR13089344	Vero_cell
ENSCSAT00000003815.1	ENSCSAG00000005784.1	cdna	protein_coding	XRCC6	SRR13089344	Vero_cell
ENSCSAT00000005336.1	ENSCSAG00000007295.1	cdna	protein_coding	LGALS1	SRR13089344	Vero_cell
ENSCSAT00000009903.1	ENSCSAG00000011814.1	cdna	protein_coding	CSNK1A1	SRR13089344	Vero_cell
ENSCSAT00000004995.1	ENSCSAG00000006946.1	cdna	protein_coding	RPS7	SRR13089344	Vero_cell
ENSCSAT00000002921.1	ENSCSAG00000004891.1	cdna	protein_coding	TRUB1	SRR13089344	Vero_cell
ENSCSAT00000012032.1	ENSCSAG00000013939.1	cdna	protein_coding	TOMM7	SRR13089344	Vero_cell
ENSCSAT00000009594.1	ENSCSAG00000011508.1	cdna	protein_coding	WWTR1	SRR13089344	Vero_cell
ENSCSAT00000007678.1	ENSCSAG00000009591.1	cdna	protein_coding	DUSP1	SRR13089344	Vero_cell
ENSCSAT00000009920.1	ENSCSAG00000011832.1	cdna	protein_coding	PSMB1	SRR13089344	Vero_cell
ENSCSAT00000013112.1	ENSCSAG00000015018.1	cdna	protein_coding	B4GALT5	SRR13089344	Vero_cell
ENSCSAT00000009639.1	ENSCSAG00000011550.1	cdna	protein_coding	TSC22D2	SRR13089344	Vero_cell
ENSCSAT00000008983.1	ENSCSAG00000010894.1	cdna	protein_coding	STAG1	SRR13089344	Vero_cell
ENSCSAT00000001955.1	ENSCSAG00000003923.1	cdna	protein_coding	PSMC5	SRR13089344	Vero_cell
ENSCSAT00000003015.1	ENSCSAG00000004983.1	cdna	protein_coding	SRP68	SRR13089344	Vero_cell
ENSCSAT00000011249.1	ENSCSAG00000013156.1	cdna	protein_coding	ELOVL5	SRR13089344	Vero_cell
ENSCSAT00000012032.1	ENSCSAG00000013939.1	cdna	protein_coding	TOMM7	SRR13089344	Vero_cell
ENSCSAT00000000890.1	ENSCSAG00000002863.1	cdna	protein_coding	KDELR1	SRR13089344	Vero_cell
ENSCSAT00000007975.1	ENSCSAG00000009888.1	cdna	protein_coding		SRR13089344	Vero_cell
ENSCSAT00000003257.1	ENSCSAG00000005230.1	cdna	protein_coding	METTL15	SRR13089344	Vero_cell
ENSCSAT00000012775.1	ENSCSAG00000014683.1	cdna	protein_coding	ETFA	SRR13089344	Vero_cell
ENSCSAT00000007286.1	ENSCSAG00000009219.1	cdna	protein_coding	HNRNPU	SRR13089344	Vero_cell
ENSCSAT00000011029.1	ENSCSAG00000012932.1	cdna	protein_coding	ZNF385B	SRR13089344	Vero_cell
ENSCSAT00000013867.1	ENSCSAG00000015772.1	cdna	protein_coding	RWDD1	SRR13089344	Vero_cell
ENSCSAT00000017866.1	ENSCSAG00000000669.1	cdna	protein_coding	ISG15	SRR13089344	Vero_cell
ENSCSAT00000007301.1	ENSCSAG00000009233.1	cdna	protein_coding	EIF4A2	SRR13089344	Vero_cell
ENSCSAT00000003633.1	ENSCSAG00000005599.1	cdna	protein_coding	MVB12A	SRR13089344	Vero_cell
ENSCSAT00000010315.1	ENSCSAG00000012224.1	cdna	protein_coding	ZNF74	SRR13089344	Vero_cell
ENSCSAT00000009903.1	ENSCSAG00000011814.1	cdna	protein_coding	CSNK1A1	SRR13089344	Vero_cell
ENSCSAT00000006068.1	ENSCSAG00000008017.1	cdna	protein_coding	RACK1	SRR13089344	Vero_cell
ENSCSAT00000016945.1	ENSCSAG00000001588.1	cdna	protein_coding	CHMP2A	SRR13089344	Vero_cell
ENSCSAT00000007678.1	ENSCSAG00000009591.1	cdna	protein_coding	DUSP1	SRR13089344	Vero_cell
ENSCSAT00000000813.1	ENSCSAG00000002795.1	cdna	protein_coding	PPP1R15A	SRR13089344	Vero_cell
ENSCSAT00000001055.1	ENSCSAG00000003026.1	cdna	protein_coding	FKBP10	SRR13089344	Vero_cell
ENSCSAT00000014792.1	ENSCSAG00000016696.1	cdna	protein_coding		SRR13089344	Vero_cell
ENSCSAT00000000676.1	ENSCSAG00000002658.1	cdna	protein_coding		SRR13089344	Vero_cell
ENSCSAT00000004639.1	ENSCSAG00000006601.1	cdna	protein_coding	RHEB	SRR13089344	Vero_cell
ENSCSAT00000002885.1	ENSCSAG00000004855.1	cdna	protein_coding		SRR13089344	Vero_cell
ENSCSAT00000006867.1	ENSCSAG00000008807.1	cdna	protein_coding		SRR13089344	Vero_cell
ENSCSAT00000017587.1	ENSCSAG00000000946.1	cdna	protein_coding	CLIC4	SRR13089344	Vero_cell
ENSCSAT00000018821.1	ENSCSAG00000018731.1	cdna	protein_coding		SRR13089344	Vero_cell
ENSCSAT00000006616.1	ENSCSAG00000008557.1	cdna	protein_coding	DDIT4	SRR13089344	Vero_cell
ENSCSAT00000016131.1	ENSCSAG00000018035.1	cdna	protein_coding	FIS1	SRR13089344	Vero_cell
ENSCSAT00000009259.1	ENSCSAG00000011169.1	cdna	protein_coding	DOHH	SRR13089344	Vero_cell
ENSCSAT00000012032.1	ENSCSAG00000013939.1	cdna	protein_coding	TOMM7	SRR13089344	Vero_cell
ENSCSAT00000016669.1	ENSCSAG00000001861.1	cdna	protein_coding	S100A1	SRR13089344	Vero_cell
ENSCSAT00000004368.1	ENSCSAG00000006330.1	cdna	protein_coding	ATF4	SRR13089344	Vero_cell
ENSCSAT00000007980.1	ENSCSAG00000009899.1	cdna	protein_coding		SRR13089344	Vero_cell
ENSCSAT00000002199.1	ENSCSAG00000004168.1	cdna	protein_coding	PSMD7	SRR13089344	Vero_cell
ENSCSAT00000012900.1	ENSCSAG00000014810.1	cdna	protein_coding		SRR13089344	Vero_cell
ENSCSAT00000019107.1	ENSCSAG00000019017.1	cdna	protein_coding		SRR13089344	Vero_cell
ENSCSAT00000011005.1	ENSCSAG00000012911.1	cdna	protein_coding	RIPK2	SRR13089344	Vero_cell
ENSCSAT00000002192.1	ENSCSAG00000004164.1	cdna	protein_coding	PSMD12	SRR13089344	Vero_cell
ENSCSAT00000006687.1	ENSCSAG00000008628.1	cdna	protein_coding	RAB7A	SRR13089344	Vero_cell
ENSCSAT00000006097.1	ENSCSAG00000008047.1	cdna	protein_coding	CD320	SRR13089344	Vero_cell
ENSCSAT00000004178.1	ENSCSAG00000006142.1	cdna	protein_coding	HEATR6	SRR13089344	Vero_cell
ENSCSAT00000001408.1	ENSCSAG00000003383.1	cdna	protein_coding	RPL27	SRR13089344	Vero_cell
ENSCSAT00000009063.1	ENSCSAG00000010973.1	cdna	protein_coding	APBA3	SRR13089344	Vero_cell
ENSCSAT00000008157.1	ENSCSAG00000010069.1	cdna	protein_coding	ARID4B	SRR13089344	Vero_cell
ENSCSAT00000013511.1	ENSCSAG00000015418.1	cdna	protein_coding	CASS4	SRR13089344	Vero_cell
ENSCSAT00000012321.1	ENSCSAG00000014225.1	cdna	protein_coding	GLE1	SRR13089344	Vero_cell
ENSCSAT00000007369.1	ENSCSAG00000009299.1	cdna	protein_coding	RPS24	SRR13089344	Vero_cell
ENSCSAT00000012734.1	ENSCSAG00000014640.1	cdna	protein_coding	CCT4	SRR13089344	Vero_cell
ENSCSAT00000005711.1	ENSCSAG00000007657.1	cdna	protein_coding	FAU	SRR13089344	Vero_cell
ENSCSAT00000011425.1	ENSCSAG00000013331.1	cdna	protein_coding	NDUFA8	SRR13089344	Vero_cell
ENSCSAT00000000145.1	ENSCSAG00000002128.1	cdna	protein_coding	CCT3	SRR13089344	Vero_cell
ENSCSAT00000007678.1	ENSCSAG00000009591.1	cdna	protein_coding	DUSP1	SRR13089344	Vero_cell
ENSCSAT00000006318.1	ENSCSAG00000008265.1	cdna	protein_coding	ZFAND5	SRR13089344	Vero_cell
ENSCSAT00000014016.1	ENSCSAG00000015920.1	cdna	protein_coding	ERBIN	SRR13089344	Vero_cell
ENSCSAT00000018516.1	ENSCSAG00000018426.1	cdna	protein_coding		SRR13089344	Vero_cell
ENSCSAT00000009514.1	ENSCSAG00000011428.1	cdna	protein_coding	CHCHD10	SRR13089344	Vero_cell
ENSCSAT00000007066.1	ENSCSAG00000008999.1	cdna	protein_coding	ATP5PF	SRR13089344	Vero_cell
ENSCSAT00000014152.1	ENSCSAG00000016057.1	cdna	protein_coding		SRR13089344	Vero_cell
ENSCSAT00000011971.1	ENSCSAG00000013884.1	cdna	protein_coding		SRR13089344	Vero_cell
ENSCSAT00000015040.1	ENSCSAG00000016944.1	cdna	protein_coding	TNFAIP3	SRR13089344	Vero_cell
ENSCSAT00000001408.1	ENSCSAG00000003383.1	cdna	protein_coding	RPL27	SRR13089344	Vero_cell
ENSCSAT00000000584.1	ENSCSAG00000002567.1	cdna	protein_coding	SP2	SRR13089344	Vero_cell
ENSCSAT00000014553.1	ENSCSAG00000016460.1	cdna	protein_coding	ARF1	SRR13089344	Vero_cell
ENSCSAT00000009281.1	ENSCSAG00000011191.1	cdna	protein_coding	TBL3	SRR13089344	Vero_cell
ENSCSAT00000007301.1	ENSCSAG00000009233.1	cdna	protein_coding	EIF4A2	SRR13089344	Vero_cell
ENSCSAT00000010545.1	ENSCSAG00000012458.1	cdna	protein_coding	UQCRB	SRR13089344	Vero_cell
ENSCSAT00000011791.1	ENSCSAG00000013695.1	cdna	protein_coding	PSMD2	SRR13089344	Vero_cell
ENSCSAT00000000676.1	ENSCSAG00000002658.1	cdna	protein_coding		SRR13089344	Vero_cell
ENSCSAT00000003038.1	ENSCSAG00000005008.1	cdna	protein_coding	GTF2H1	SRR13089344	Vero_cell
ENSCSAT00000008531.1	ENSCSAG00000010444.1	cdna	protein_coding	EIF6	SRR13089344	Vero_cell
ENSCSAT00000016678.1	ENSCSAG00000001851.1	cdna	protein_coding	S100A6	SRR13089344	Vero_cell
ENSCSAT00000013042.1	ENSCSAG00000014948.1	cdna	protein_coding	EPB41L4A	SRR13089344	Vero_cell
ENSCSAT00000013367.1	ENSCSAG00000015276.1	cdna	protein_coding	RPS29	SRR13089344	Vero_cell
ENSCSAT00000016233.1	ENSCSAG00000018137.1	cdna	protein_coding	HSPB1	SRR13089344	Vero_cell
ENSCSAT00000015029.1	ENSCSAG00000016932.1	cdna	protein_coding		SRR13089344	Vero_cell
ENSCSAT00000012689.1	ENSCSAG00000014597.1	cdna	protein_coding	RPS20	SRR13089344	Vero_cell
ENSCSAT00000007914.1	ENSCSAG00000009830.1	cdna	protein_coding	EIF2B4	SRR13089344	Vero_cell
ENSCSAT00000009598.1	ENSCSAG00000011513.1	cdna	protein_coding	POLR3F	SRR13089344	Vero_cell
ENSCSAT00000003945.1	ENSCSAG00000005907.1	cdna	protein_coding	GBE1	SRR13089344	Vero_cell
ENSCSAT00000009920.1	ENSCSAG00000011832.1	cdna	protein_coding	PSMB1	SRR13089344	Vero_cell
ENSCSAT00000004995.1	ENSCSAG00000006946.1	cdna	protein_coding	RPS7	SRR13089344	Vero_cell
ENSCSAT00000002482.1	ENSCSAG00000004449.1	cdna	protein_coding		SRR13089344	Vero_cell
ENSCSAT00000006761.1	ENSCSAG00000008695.1	cdna	protein_coding	RAB10	SRR13089344	Vero_cell
ENSCSAT00000012579.1	ENSCSAG00000014488.1	cdna	protein_coding	COX7A2	SRR13089344	Vero_cell
ENSCSAT00000012861.1	ENSCSAG00000014767.1	cdna	protein_coding	ABL1	SRR13089344	Vero_cell
ENSCSAT00000002885.1	ENSCSAG00000004855.1	cdna	protein_coding		SRR13089344	Vero_cell
ENSCSAT00000009292.1	ENSCSAG00000011216.1	cdna	protein_coding	RPS2	SRR13089344	Vero_cell
ENSCSAT00000000813.1	ENSCSAG00000002795.1	cdna	protein_coding	PPP1R15A	SRR13089344	Vero_cell
ENSCSAT00000007972.1	ENSCSAG00000009893.1	cdna	protein_coding	NRF1	SRR13089344	Vero_cell
ENSCSAT00000012495.1	ENSCSAG00000014398.1	cdna	protein_coding	SAT1	SRR13089344	Vero_cell
ENSCSAT00000014152.1	ENSCSAG00000016057.1	cdna	protein_coding		SRR13089344	Vero_cell
ENSCSAT00000015271.1	ENSCSAG00000017180.1	cdna	protein_coding	ZFR	SRR13089344	Vero_cell
ENSCSAT00000007369.1	ENSCSAG00000009299.1	cdna	protein_coding	RPS24	SRR13089344	Vero_cell
ENSCSAT00000002885.1	ENSCSAG00000004855.1	cdna	protein_coding		SRR13089344	Vero_cell
ENSCSAT00000006935.1	ENSCSAG00000008869.1	cdna	protein_coding	HES1	SRR13089344	Vero_cell
ENSCSAT00000017866.1	ENSCSAG00000000669.1	cdna	protein_coding	ISG15	SRR13089344	Vero_cell
ENSCSAT00000001807.1	ENSCSAG00000003779.1	cdna	protein_coding	KANSL1	SRR13089344	Vero_cell
ENSCSAT00000013754.1	ENSCSAG00000015688.1	cdna	protein_coding		SRR13089344	Vero_cell
ENSCSAT00000012453.1	ENSCSAG00000014359.1	cdna	protein_coding	RAB2A	SRR13089344	Vero_cell
ENSCSAT00000009556.1	ENSCSAG00000011468.1	cdna	protein_coding	EIF4A1	SRR13089344	Vero_cell
ENSCSAT00000012134.1	ENSCSAG00000014041.1	cdna	protein_coding	EEF1A1	SRR13089344	Vero_cell
ENSCSAT00000011649.1	ENSCSAG00000013552.1	cdna	protein_coding	CALM2	SRR13089344	Vero_cell
ENSCSAT00000005933.1	ENSCSAG00000007882.1	cdna	pseudogene		SRR13089344	Vero_cell
ENSCSAT00000017604.1	ENSCSAG00000000929.1	cdna	protein_coding	RPL11	SRR13089344	Vero_cell
ENSCSAT00000005711.1	ENSCSAG00000007657.1	cdna	protein_coding	FAU	SRR13089344	Vero_cell
ENSCSAT00000010358.1	ENSCSAG00000012264.1	cdna	protein_coding	HIBCH	SRR13089344	Vero_cell
ENSCSAT00000004016.1	ENSCSAG00000005976.1	cdna	protein_coding	TIMM10	SRR13089344	Vero_cell
ENSCSAT00000012447.1	ENSCSAG00000014353.1	cdna	protein_coding	NFE2L2	SRR13089344	Vero_cell
ENSCSAT00000006068.1	ENSCSAG00000008017.1	cdna	protein_coding	RACK1	SRR13089344	Vero_cell
ENSCSAT00000013367.1	ENSCSAG00000015276.1	cdna	protein_coding	RPS29	SRR13089344	Vero_cell
ENSCSAT00000006068.1	ENSCSAG00000008017.1	cdna	protein_coding	RACK1	SRR13089344	Vero_cell
ENSCSAT00000017446.1	ENSCSAG00000001087.1	cdna	protein_coding	PSMB2	SRR13089344	Vero_cell
ENSCSAT00000004297.1	ENSCSAG00000006256.1	cdna	protein_coding		SRR13089344	Vero_cell
ENSCSAT00000013367.1	ENSCSAG00000015276.1	cdna	protein_coding	RPS29	SRR13089344	Vero_cell
ENSCSAT00000012962.1	ENSCSAG00000014872.1	cdna	protein_coding	ACSBG1	SRR13089344	Vero_cell
ENSCSAT00000014792.1	ENSCSAG00000016696.1	cdna	protein_coding		SRR13089344	Vero_cell
ENSCSAT00000017847.1	ENSCSAG00000000688.1	cdna	protein_coding		SRR13089344	Vero_cell
ENSCSAT00000003905.1	ENSCSAG00000005882.1	cdna	protein_coding		SRR13329324	Vero_cell
ENSCSAT00000016602.1	ENSCSAG00000001927.1	cdna	protein_coding	ZNF813	SRR13329327	Vero_cell
